date,EUR,GBP,JPY,AUD,CAD,CHF,NZD
2006-01-06,1.2148,1.7697,114.45,0.7528,1.165,1.2695,0.6909
2006-01-13,1.2103,1.7715,114.43,0.7535,1.1612,1.2799,0.6976
2006-01-20,1.2101,1.7663,115.42,0.747,1.1531,1.2826,0.6784
2006-01-27,1.213,1.7733,117.16,0.7518,1.147,1.2798,0.6838
2006-02-03,1.2021,1.7626,118.95,0.7491,1.147,1.2944,0.6869
2006-02-10,1.192,1.7454,117.64,0.7379,1.1543,1.3049,0.6793
2006-02-17,1.1906,1.7403,118.43,0.7385,1.1522,1.3123,0.6674
2006-02-24,1.1882,1.7448,116.87,0.7399,1.152,1.3158,0.663
2006-03-03,1.2028,1.7531,116.46,0.744,1.1352,1.299,0.6658
2006-03-10,1.1886,1.7256,119.07,0.731,1.1605,1.3201,0.6416
2006-03-17,1.2197,1.7567,115.89,0.7291,1.1587,1.2893,0.6342
2006-03-24,1.2034,1.7427,117.5,0.7107,1.1675,1.3099,0.6118
2006-03-31,1.2139,1.7393,117.48,0.7165,1.167,1.3025,0.6164
2006-04-07,1.2109,1.7407,118.31,0.7279,1.1464,1.3029,0.6104
2006-04-14,1.2106,1.751,118.65,0.7289,1.1513,1.299,0.618
2006-04-21,1.234,1.7817,116.91,0.7444,1.1372,1.2751,0.6337
2006-04-28,1.2624,1.822,113.79,0.7593,1.1203,1.2411,0.6368
2006-05-05,1.2733,1.8588,112.45,0.7707,1.1071,1.2257,0.6413
2006-05-12,1.2888,1.8911,110.49,0.7728,1.1085,1.202,0.6291
2006-05-19,1.275,1.8755,111.76,0.7569,1.1232,1.2182,0.6218
2006-05-26,1.2739,1.8566,112.58,0.7577,1.1072,1.2265,0.6329
2006-06-02,1.2912,1.8817,111.66,0.751,1.1001,1.2083,0.6307
2006-06-09,1.2636,1.8426,113.89,0.7499,1.1071,1.2322,0.6337
2006-06-16,1.2623,1.8484,115.12,0.7389,1.1223,1.2326,0.6173
2006-06-23,1.2522,1.8204,116.26,0.7315,1.1241,1.2469,0.6062
2006-06-30,1.2779,1.8491,114.51,0.7423,1.115,1.2247,0.6105
2006-07-07,1.2822,1.8513,113.98,0.7514,1.1132,1.2223,0.6095
2006-07-14,1.2641,1.8364,116.33,0.7541,1.1274,1.2358,0.6207
2006-07-21,1.2684,1.8586,116.34,0.7529,1.1373,1.2373,0.6255
2006-07-28,1.2748,1.8645,114.74,0.7663,1.1297,1.2333,0.6174
2006-08-04,1.2894,1.9098,114.21,0.7658,1.1269,1.2209,0.6244
2006-08-11,1.2757,1.8952,116.18,0.7673,1.1206,1.2388,0.635
2006-08-18,1.281,1.8808,115.79,0.7579,1.1234,1.2339,0.6394
2006-08-25,1.2767,1.8884,117.31,0.7568,1.1078,1.2375,0.6358
2006-09-01,1.2833,1.905,117.21,0.7663,1.1056,1.2308,0.655
2006-09-08,1.2673,1.8655,116.89,0.754,1.1191,1.248,0.637
2006-09-15,1.2648,1.8783,117.72,0.7517,1.1192,1.258,0.6629
2006-09-22,1.2796,1.9012,116.45,0.7513,1.1171,1.2349,0.6596
2006-09-29,1.2687,1.8716,117.99,0.7461,1.1151,1.2504,0.653
2006-10-06,1.26,1.8712,118.89,0.7434,1.1261,1.2607,0.6597
2006-10-13,1.2502,1.8551,119.81,0.7506,1.1367,1.2752,0.6573
2006-10-20,1.2613,1.8828,118.73,0.758,1.125,1.2587,0.6676
2006-10-27,1.2725,1.8968,117.61,0.7685,1.1185,1.2496,0.662
2006-11-03,1.2705,1.9011,118.06,0.7699,1.129,1.2549,0.67
2006-11-10,1.2861,1.912,117.47,0.7673,1.1306,1.2388,0.6662
2006-11-17,1.2823,1.8936,117.73,0.7686,1.1458,1.2443,0.6638
2006-11-24,1.3081,1.9315,115.93,0.7782,1.1346,1.2114,0.6712
2006-12-01,1.3316,1.9794,115.33,0.7914,1.1445,1.1947,0.6843
2006-12-08,1.3215,1.9564,116.23,0.7861,1.1499,1.2039,0.6899
2006-12-15,1.3095,1.9538,117.84,0.7826,1.1574,1.2207,0.6907
2006-12-22,1.3131,1.957,118.9,0.783,1.1575,1.2207,0.6995
2006-12-29,1.3197,1.9586,119.02,0.7884,1.1652,1.2195,0.7046
2007-01-05,1.3005,1.9305,118.77,0.7797,1.1753,1.2366,0.6874
2007-01-12,1.2926,1.9577,120.36,0.7826,1.1706,1.2485,0.6915
2007-01-19,1.2968,1.9759,121.22,0.7892,1.1722,1.2479,0.6955
2007-01-26,1.2909,1.9598,121.53,0.7724,1.1798,1.2534,0.6951
2007-02-02,1.296,1.9662,121.02,0.7747,1.1838,1.2476,0.6798
2007-02-09,1.3005,1.9512,121.59,0.7765,1.1736,1.2484,0.6837
2007-02-16,1.3137,1.9499,119.23,0.7868,1.1638,1.2341,0.6975
2007-02-23,1.3164,1.9639,121.1,0.792,1.1586,1.2332,0.7067
2007-03-02,1.3182,1.9458,116.82,0.7834,1.1752,1.2173,0.6885
2007-03-09,1.3118,1.9318,118.15,0.7806,1.1712,1.2332,0.6915
2007-03-16,1.3307,1.9423,116.77,0.7948,1.1738,1.2079,0.6977
2007-03-23,1.3302,1.9632,117.82,0.8062,1.1601,1.2169,0.7124
2007-03-30,1.3374,1.9685,117.56,0.8104,1.153,1.2126,0.7158
2007-04-06,1.338,1.9655,119.33,0.8177,1.1511,1.2215,0.7221
2007-04-13,1.3518,1.9829,119.27,0.8326,1.1379,1.2154,0.7375
2007-04-20,1.3601,2.0047,118.81,0.8363,1.1227,1.2081,0.7462
2007-04-27,1.3625,1.9985,119.59,0.8311,1.1152,1.2081,0.741
2007-05-04,1.3587,1.9931,120.16,0.8207,1.1069,1.2115,0.7353
2007-05-11,1.3519,1.9824,120.19,0.8326,1.1136,1.2188,0.7342
2007-05-18,1.3511,1.9755,121.09,0.825,1.0883,1.2267,0.731
2007-05-25,1.3452,1.9845,121.72,0.819,1.0794,1.2281,0.7267
2007-06-01,1.344,1.9804,122.1,0.8313,1.0602,1.2299,0.7434
2007-06-08,1.3359,1.9657,121.62,0.8427,1.0622,1.2345,0.7565
2007-06-15,1.3365,1.9765,123.55,0.84,1.0678,1.2428,0.7533
2007-06-22,1.3438,1.9975,124.09,0.8482,1.0676,1.2316,0.767
2007-06-29,1.352,2.0063,123.39,0.8491,1.0634,1.224,0.773
2007-07-06,1.3626,2.0119,123.27,0.8569,1.0478,1.2181,0.7823
2007-07-13,1.3788,2.0344,121.99,0.8688,1.0476,1.2019,0.7859
2007-07-20,1.3831,2.0566,121.15,0.8796,1.044,1.1998,0.7965
2007-07-27,1.3647,2.029,118.56,0.856,1.059,1.2073,0.7653
2007-08-03,1.3785,2.0426,118.43,0.8573,1.0526,1.1933,0.7643
2007-08-10,1.3686,2.0219,118.0,0.8455,1.0538,1.1969,0.7462
2007-08-17,1.3492,1.9828,113.81,0.7887,1.0635,1.2043,0.689
2007-08-24,1.3645,2.0099,116.12,0.8242,1.0525,1.2015,0.7183
2007-08-31,1.3641,2.0165,115.83,0.8157,1.056,1.2071,0.7025
2007-09-07,1.3772,2.0283,113.57,0.8259,1.0546,1.1882,0.6889
2007-09-14,1.3848,2.0067,115.31,0.8415,1.0292,1.1914,0.7125
2007-09-21,1.4076,2.0208,115.6,0.865,1.0008,1.1735,0.7415
2007-09-28,1.4219,2.0389,114.97,0.8855,0.9959,1.1672,0.7568
2007-10-05,1.4154,2.0436,116.83,0.8998,0.9815,1.176,0.7627
2007-10-12,1.4168,2.034,117.5,0.9042,0.9737,1.1852,0.7755
2007-10-19,1.4263,2.0484,115.15,0.8935,0.9637,1.1718,0.7519
2007-10-26,1.439,2.0514,114.01,0.9163,0.9619,1.1627,0.7649
2007-11-02,1.4481,2.082,114.74,0.918,0.936,1.1543,0.7612
2007-11-09,1.4665,2.0911,110.9,0.9145,0.9385,1.1232,0.767
2007-11-16,1.4652,2.048,111.05,0.8909,0.9727,1.117,0.7559
2007-11-23,1.4825,2.0564,108.17,0.8744,0.9887,1.1026,0.7558
2007-11-30,1.4688,2.0567,111.02,0.8848,1.0007,1.1287,0.7671
2007-12-07,1.4664,2.0289,111.72,0.8807,1.0051,1.1296,0.7795
2007-12-14,1.4433,2.0197,113.35,0.862,1.0135,1.1536,0.7675
2007-12-21,1.4361,1.9833,113.95,0.8657,0.9943,1.1566,0.7646
2007-12-28,1.4718,1.9929,112.93,0.874,0.9784,1.1275,0.773
2008-01-04,1.4786,1.9757,108.38,0.8762,0.9988,1.1064,0.7712
2008-01-11,1.4787,1.9592,109.11,0.8927,1.0198,1.1026,0.7848
2008-01-18,1.4616,1.9529,106.82,0.8759,1.0294,1.101,0.7576
2008-01-25,1.4673,1.9802,107.31,0.8817,1.0044,1.0986,0.7707
2008-02-01,1.4851,1.9687,106.3,0.9035,0.9939,1.0821,0.7948
2008-02-08,1.4505,1.9473,107.34,0.8945,0.9994,1.1038,0.7881
2008-02-15,1.4674,1.9613,107.67,0.9069,1.0013,1.0913,0.7889
2008-02-22,1.4825,1.9668,106.98,0.9205,1.0155,1.0856,0.806
2008-02-29,1.5187,1.9864,104.19,0.937,0.9796,1.0435,0.8027
2008-03-07,1.5333,2.0128,102.69,0.9283,0.9916,1.025,0.7943
2008-03-14,1.5604,2.0294,100.2,0.9371,0.9867,1.0072,0.8149
2008-03-21,1.5447,1.9826,99.4,0.9016,1.0239,1.0085,0.792
2008-03-28,1.5759,1.989,99.71,0.9188,1.018,0.9981,0.7982
2008-04-04,1.5735,1.9947,101.75,0.9214,1.0088,1.0052,0.7884
2008-04-11,1.5796,1.9707,101.09,0.929,1.0216,1.0016,0.7942
2008-04-18,1.5742,1.9965,104.56,0.9294,1.0084,1.0253,0.787
2008-04-25,1.5634,1.9833,104.17,0.933,1.0163,1.0335,0.7826
2008-05-02,1.5431,1.9756,105.33,0.9366,1.0182,1.0562,0.7825
2008-05-09,1.5447,1.9486,103.01,0.9417,1.0062,1.0432,0.7668
2008-05-16,1.5591,1.958,103.86,0.954,0.9966,1.0448,0.7738
2008-05-23,1.5784,1.9818,103.22,0.9608,0.9883,1.0235,0.7876
2008-05-30,1.556,1.9793,105.46,0.9551,0.9938,1.0426,0.7838
2008-06-06,1.5731,1.9695,105.33,0.9603,1.0187,1.0237,0.7667
2008-06-13,1.5368,1.9496,107.92,0.939,1.0282,1.0485,0.7504
2008-06-20,1.5626,1.9737,107.42,0.954,1.0173,1.0345,0.7628
2008-06-27,1.5749,1.9938,106.28,0.961,1.012,1.0205,0.7622
2008-07-04,1.5708,1.9825,106.79,0.9604,1.0204,1.0273,0.7564
2008-07-11,1.5898,1.9895,106.14,0.9674,1.0093,1.0179,0.7611
2008-07-18,1.5855,1.9985,106.75,0.9728,1.0053,1.0207,0.7626
2008-07-25,1.5687,1.988,107.89,0.9562,1.0167,1.0386,0.7419
2008-08-01,1.5567,1.9743,107.59,0.9317,1.0251,1.048,0.7268
2008-08-08,1.5047,1.9193,110.09,0.8915,1.0677,1.0801,0.705
2008-08-15,1.4695,1.8651,110.48,0.8676,1.0609,1.096,0.7055
2008-08-22,1.48,1.8544,109.88,0.8689,1.0456,1.097,0.7106
2008-08-29,1.4669,1.819,108.69,0.8563,1.0631,1.1019,0.6991
2008-09-05,1.4273,1.7687,106.96,0.8107,1.0637,1.111,0.6663
2008-09-12,1.4172,1.7896,107.51,0.817,1.0606,1.1335,0.6635
2008-09-19,1.4384,1.8297,107.18,0.8288,1.0469,1.1107,0.6869
2008-09-26,1.4596,1.84,106.06,0.8292,1.0352,1.089,0.6858
2008-10-03,1.3816,1.774,105.76,0.775,1.0815,1.1295,0.6626
2008-10-10,1.3471,1.7037,99.44,0.6531,1.19,1.1221,0.596
2008-10-17,1.3462,1.7307,101.4,0.6907,1.182,1.1339,0.6153
2008-10-24,1.2639,1.5631,92.64,0.6165,1.2735,1.1526,0.5539
2008-10-31,1.2682,1.6165,98.28,0.6574,1.2158,1.1669,0.5815
2008-11-07,1.2777,1.5788,98.15,0.6726,1.183,1.1761,0.5898
2008-11-14,1.2731,1.486,96.66,0.6627,1.2241,1.187,0.5624
2008-11-21,1.2531,1.4816,95.42,0.6254,1.2849,1.2237,0.5313
2008-11-28,1.2694,1.5348,95.46,0.6546,1.236,1.2165,0.55
2008-12-05,1.2654,1.4606,92.18,0.6343,1.2971,1.2238,0.5248
2008-12-12,1.3349,1.4874,91.26,0.658,1.2453,1.1796,0.5448
2008-12-19,1.3875,1.4854,89.48,0.6806,1.2273,1.1105,0.5758
2008-12-26,1.4062,1.47,90.65,0.6814,1.2207,1.07,0.576
2009-01-02,1.3946,1.452,91.12,0.7083,1.2101,1.0685,0.585
2009-01-09,1.3495,1.5239,90.25,0.7063,1.192,1.1096,0.5933
2009-01-16,1.3244,1.4737,90.29,0.666,1.254,1.1177,0.5415
2009-01-23,1.2849,1.3658,88.72,0.6522,1.2478,1.1629,0.527
2009-01-30,1.2804,1.4413,89.83,0.638,1.2365,1.1612,0.5084
2009-02-06,1.2874,1.4775,91.95,0.6715,1.2388,1.1694,0.53
2009-02-13,1.2879,1.4422,91.84,0.6595,1.2435,1.1581,0.5266
2009-02-20,1.269,1.4333,93.87,0.6419,1.2543,1.1681,0.5074
2009-02-27,1.2662,1.4276,97.74,0.6419,1.271,1.1672,0.503
2009-03-06,1.2674,1.411,97.88,0.6408,1.2865,1.1525,0.5041
2009-03-13,1.2891,1.3972,98.04,0.6576,1.2752,1.188,0.5244
2009-03-20,1.3566,1.4435,96.18,0.6892,1.237,1.1243,0.5605
2009-03-27,1.3306,1.4325,97.99,0.6946,1.2392,1.1435,0.5713
2009-04-03,1.3447,1.4801,99.94,0.7103,1.2335,1.1321,0.58
2009-04-10,1.3143,1.4635,100.3,0.7189,1.2273,1.1575,0.5829
2009-04-17,1.303,1.4778,99.21,0.7204,1.2146,1.1674,0.5674
2009-04-24,1.3277,1.4697,97.08,0.722,1.2095,1.1368,0.5722
2009-05-01,1.3267,1.4881,99.24,0.729,1.1868,1.1364,0.5687
2009-05-08,1.3494,1.509,99.01,0.7609,1.158,1.1202,0.5984
2009-05-15,1.3539,1.5222,94.89,0.7526,1.1756,1.1132,0.5879
2009-05-22,1.4005,1.5892,94.45,0.7853,1.1234,1.0847,0.6215
2009-05-29,1.4126,1.616,95.55,0.7993,1.0957,1.0692,0.637
2009-06-05,1.399,1.6017,98.18,0.8012,1.1144,1.0852,0.6328
2009-06-12,1.404,1.6523,98.17,0.8132,1.117,1.0756,0.6428
2009-06-19,1.3998,1.6537,96.15,0.8111,1.1287,1.0773,0.6476
2009-06-26,1.4056,1.6498,95.19,0.8053,1.1527,1.0856,0.6445
2009-07-03,1.3991,1.6336,95.95,0.7986,1.1625,1.0863,0.6306
2009-07-10,1.3926,1.6185,92.33,0.7751,1.1649,1.0856,0.6259
2009-07-17,1.412,1.633,94.08,0.8013,1.1168,1.0766,0.6432
2009-07-24,1.4213,1.6432,94.86,0.8162,1.0843,1.0701,0.657
2009-07-31,1.4279,1.6713,94.54,0.8339,1.0791,1.0668,0.6605
2009-08-07,1.418,1.6669,97.65,0.8371,1.0838,1.0826,0.6724
2009-08-14,1.4216,1.6529,94.64,0.8323,1.0973,1.0719,0.6776
2009-08-21,1.4305,1.6503,94.6,0.8349,1.0799,1.0613,0.6829
2009-08-28,1.4358,1.6331,93.55,0.8425,1.0875,1.056,0.6869
2009-09-04,1.4278,1.6378,92.75,0.8485,1.0894,1.0613,0.6862
2009-09-11,1.4586,1.6695,90.3,0.8649,1.0742,1.0373,0.7079
2009-09-18,1.4704,1.6266,91.31,0.8668,1.0721,1.0293,0.7091
2009-09-25,1.4682,1.5967,89.83,0.8655,1.0918,1.0277,0.7168
2009-10-02,1.459,1.5878,89.62,0.8656,1.0843,1.0345,0.7165
2009-10-09,1.4715,1.5896,89.69,0.9034,1.0425,1.0316,0.7323
2009-10-16,1.4889,1.635,90.73,0.9158,1.0389,1.0188,0.7396
2009-10-23,1.5029,1.6351,91.88,0.9255,1.0507,1.007,0.7567
2009-10-30,1.4755,1.6479,90.5,0.9038,1.0767,1.0238,0.723
2009-11-06,1.4835,1.6586,89.86,0.9164,1.0717,1.0182,0.7243
2009-11-13,1.4886,1.6657,89.55,0.9311,1.05,1.0141,0.7418
2009-11-20,1.487,1.6529,88.9,0.9155,1.0698,1.0177,0.7252
2009-11-27,1.4963,1.6494,86.87,0.9089,1.062,1.0063,0.7113
2009-12-04,1.4885,1.6515,89.87,0.9149,1.0515,1.0136,0.7169
2009-12-11,1.4601,1.6236,89.23,0.9112,1.0583,1.0356,0.7239
2009-12-18,1.4281,1.6083,90.47,0.8866,1.0679,1.0452,0.709
2009-12-25,1.4367,1.5941,91.69,0.8828,1.0485,1.0369,0.705
2010-01-01,1.4332,1.6167,93.08,0.8979,1.0461,1.0358,0.7255
2010-01-08,1.4357,1.5993,92.7,0.9218,1.0345,1.0296,0.7338
2010-01-15,1.4376,1.624,90.79,0.9234,1.0287,1.0264,0.738
2010-01-22,1.4154,1.612,90.07,0.905,1.0561,1.04,0.713
2010-01-29,1.387,1.6009,90.38,0.8873,1.0652,1.0557,0.7046
2010-02-05,1.3608,1.5619,89.25,0.8617,1.0727,1.0779,0.684
2010-02-12,1.3625,1.5669,90.0,0.8839,1.0529,1.0767,0.695
2010-02-19,1.3538,1.5437,91.94,0.8954,1.0419,1.0824,0.6959
2010-02-26,1.366,1.5239,88.84,0.8961,1.052,1.0711,0.7
2010-03-05,1.3608,1.5115,90.32,0.9065,1.0284,1.0751,0.6952
2010-03-12,1.3753,1.5188,90.46,0.9152,1.0187,1.0599,0.7006
2010-03-19,1.353,1.5014,90.5,0.9164,1.0153,1.0615,0.7091
2010-03-26,1.3398,1.4906,92.56,0.9042,1.0283,1.0662,0.7036
2010-04-02,1.3487,1.5197,94.51,0.9187,1.011,1.0632,0.706
2010-04-09,1.3468,1.5371,93.28,0.9326,1.0055,1.0672,0.716
2010-04-16,1.3487,1.5395,92.03,0.9252,1.0145,1.0624,0.7079
2010-04-23,1.336,1.5363,94.18,0.9229,1.0026,1.0743,0.7146
2010-04-30,1.3302,1.5308,94.24,0.9306,1.0112,1.0767,0.732
2010-05-07,1.2721,1.4739,91.67,0.889,1.0423,1.1085,0.715
2010-05-14,1.239,1.4557,91.94,0.8886,1.0343,1.1304,0.7113
2010-05-21,1.2575,1.4466,90.21,0.8302,1.0564,1.1485,0.6803
2010-05-28,1.2369,1.4492,90.81,0.8491,1.0497,1.1534,0.6798
2010-06-04,1.1998,1.4493,91.83,0.8279,1.0516,1.1614,0.6728
2010-06-11,1.2077,1.4545,91.72,0.8493,1.0329,1.1521,0.689
2010-06-18,1.236,1.4787,90.79,0.8699,1.0237,1.1107,0.7052
2010-06-25,1.2332,1.4985,89.35,0.8682,1.0369,1.0937,0.7099
2010-07-02,1.2577,1.5179,87.69,0.8432,1.0647,1.0635,0.6899
2010-07-09,1.2639,1.5095,88.48,0.8753,1.0328,1.0577,0.7088
2010-07-16,1.2919,1.5289,86.4,0.8707,1.0536,1.0522,0.7112
2010-07-23,1.2874,1.5425,87.31,0.8946,1.0376,1.0529,0.7286
2010-07-30,1.3069,1.5714,86.43,0.9051,1.0293,1.041,0.7261
2010-08-06,1.3282,1.5979,85.25,0.9165,1.0272,1.0365,0.7295
2010-08-13,1.2767,1.558,86.2,0.8955,1.04,1.0526,0.708
2010-08-20,1.2687,1.5515,85.63,0.8881,1.0499,1.0372,0.7025
2010-08-27,1.2765,1.5528,85.1,0.8979,1.0547,1.0268,0.7106
2010-09-03,1.2885,1.5452,84.45,0.9155,1.0411,1.0174,0.721
2010-09-10,1.2731,1.5387,84.13,0.9258,1.0357,1.0175,0.7278
2010-09-17,1.3046,1.5635,85.77,0.9378,1.0331,1.0092,0.7263
2010-09-24,1.3476,1.5829,84.24,0.9584,1.0262,0.9828,0.734
2010-10-01,1.3754,1.5829,83.3,0.971,1.0214,0.9761,0.7423
2010-10-08,1.3923,1.5951,81.86,0.9866,1.0138,0.9609,0.7545
2010-10-15,1.3998,1.6027,81.32,0.9883,1.0108,0.9562,0.7558
2010-10-22,1.3904,1.5677,81.48,0.9784,1.0262,0.9792,0.7451
2010-10-29,1.3894,1.602,80.48,0.9798,1.0187,0.985,0.7625
2010-11-05,1.4033,1.6211,81.35,1.0138,1.0012,0.958,0.7944
2010-11-12,1.37,1.6172,82.44,0.9906,1.0079,0.9758,0.7766
2010-11-19,1.3654,1.5961,83.49,0.9846,1.0206,0.9979,0.7771
2010-11-26,1.3243,1.5616,84.08,0.964,1.0188,1.0016,0.7505
2010-12-03,1.3367,1.5723,82.73,0.9877,1.0059,0.9764,0.7625
2010-12-10,1.3242,1.5809,83.87,0.9856,1.0091,0.9796,0.7486
2010-12-17,1.3155,1.548,84.15,0.9854,1.0125,0.9707,0.736
2010-12-24,1.3101,1.54,82.97,1.0051,1.0095,0.962,0.7489
2010-12-31,1.3269,1.5392,81.67,1.0122,1.0009,0.9369,0.7687
2011-01-07,1.2944,1.556,83.04,0.9954,0.9932,0.965,0.7582
2011-01-14,1.3328,1.5874,82.99,0.9886,0.9902,0.9657,0.768
2011-01-21,1.3581,1.5997,82.63,0.9892,0.9943,0.959,0.758
2011-01-28,1.3607,1.5838,82.03,0.9926,0.9989,0.9429,0.7724
2011-02-04,1.3584,1.6089,81.99,1.0139,0.9899,0.9557,0.7688
2011-02-11,1.352,1.5986,83.52,1.0001,0.99,0.9755,0.7592
2011-02-18,1.3673,1.6245,83.22,1.0144,0.9827,0.9483,0.7634
2011-02-25,1.3757,1.6078,81.76,1.0155,0.9808,0.9282,0.7514
2011-03-04,1.3983,1.625,82.35,1.0111,0.9715,0.9263,0.7367
2011-03-11,1.3864,1.6033,81.77,1.011,0.9732,0.9276,0.7449
2011-03-18,1.4141,1.6187,81.14,0.9953,0.9846,0.9025,0.7297
2011-03-25,1.4144,1.6086,81.12,1.0282,0.9779,0.9143,0.7554
2011-04-01,1.4215,1.6132,84.05,1.0387,0.9629,0.9243,0.7668
2011-04-08,1.4437,1.6341,84.99,1.0531,0.9564,0.9105,0.782
2011-04-15,1.4443,1.6325,83.13,1.0558,0.9615,0.8935,0.7971
2011-04-22,1.4545,1.6517,81.92,1.0735,0.9535,0.8865,0.8015
2011-04-29,1.4821,1.6691,81.31,1.0937,0.9486,0.8666,0.8068
2011-05-06,1.4495,1.6417,80.51,1.0763,0.9616,0.8732,0.7954
2011-05-13,1.4141,1.6179,80.76,1.0565,0.9708,0.8907,0.7854
2011-05-20,1.4172,1.6222,81.64,1.0644,0.9735,0.8776,0.7934
2011-05-27,1.4287,1.6494,80.75,1.0711,0.9771,0.852,0.8187
2011-06-03,1.4604,1.6397,80.38,1.0714,0.9768,0.8352,0.8154
2011-06-10,1.4365,1.6254,80.26,1.0567,0.9769,0.8419,0.8237
2011-06-17,1.4326,1.6186,80.1,1.062,0.9797,0.8462,0.8107
2011-06-24,1.4189,1.5985,80.32,1.0523,0.9847,0.8373,0.8118
2011-07-01,1.4508,1.607,80.81,1.0754,0.9608,0.8479,0.8273
2011-07-08,1.4251,1.603,80.64,1.0727,0.9627,0.8376,0.8335
2011-07-15,1.4156,1.6149,79.03,1.0656,0.9542,0.8158,0.8439
2011-07-22,1.4366,1.6319,78.44,1.0851,0.95,0.8166,0.8645
2011-07-29,1.4388,1.6455,77.18,1.1001,0.9539,0.7881,0.8776
2011-08-05,1.4158,1.6362,78.48,1.038,0.9843,0.76,0.8318
2011-08-12,1.4239,1.6284,76.79,1.0352,0.9879,0.7711,0.8319
2011-08-19,1.4408,1.6544,76.46,1.0444,0.9848,0.7856,0.8243
2011-08-26,1.4463,1.6321,76.62,1.0573,0.9854,0.8055,0.8403
2011-09-02,1.4203,1.619,76.79,1.0677,0.9815,0.7862,0.8492
2011-09-09,1.3666,1.587,77.31,1.0446,0.997,0.884,0.8214
2011-09-16,1.3783,1.5802,76.89,1.038,0.9813,0.8753,0.8311
2011-09-23,1.3518,1.5475,76.3,0.9784,1.028,0.9035,0.779
2011-09-30,1.3449,1.5624,77.04,0.9744,1.0389,0.9048,0.7675
2011-10-07,1.3512,1.5628,76.77,0.9843,1.0326,0.9151,0.7765
2011-10-14,1.3861,1.5808,77.36,1.0296,1.0148,0.8934,0.8021
2011-10-21,1.3873,1.5945,76.1,1.033,1.009,0.8852,0.8019
2011-10-28,1.4164,1.613,75.72,1.0707,0.9957,0.8625,0.822
2011-11-04,1.3761,1.6026,78.17,1.0358,1.0179,0.888,0.7927
2011-11-11,1.36,1.5935,77.58,1.0137,1.0188,0.9058,0.7763
2011-11-18,1.3521,1.5783,76.93,1.0036,1.026,0.9159,0.7576
2011-11-25,1.3244,1.5467,77.66,0.9737,1.0487,0.9289,0.7417
2011-12-02,1.3386,1.5592,77.88,1.0221,1.0165,0.9219,0.7776
2011-12-09,1.3368,1.5642,77.58,1.019,1.0202,0.9243,0.7733
2011-12-16,1.3025,1.5514,77.65,0.9962,1.0388,0.9372,0.7622
2011-12-23,1.304,1.5615,78.13,1.0148,1.0208,0.9379,0.774
2011-12-30,1.2973,1.5537,76.98,1.0251,1.0168,0.9374,0.7805
2012-01-06,1.2723,1.5431,77.06,1.0235,1.0231,0.9555,0.7818
2012-01-13,1.2682,1.5301,76.9,1.0292,1.0246,0.9534,0.7923
2012-01-20,1.2948,1.554,76.97,1.0471,1.0142,0.9327,0.8059
2012-01-27,1.3192,1.5716,76.68,1.0645,1.0014,0.9142,0.8239
2012-02-03,1.3106,1.5779,76.54,1.0762,0.9944,0.9208,0.836
2012-02-10,1.3187,1.5748,77.57,1.0676,1.0016,0.9176,0.8283
2012-02-17,1.3149,1.5813,79.33,1.0695,0.997,0.918,0.8327
2012-02-24,1.3463,1.5869,80.88,1.0707,0.9988,0.8949,0.8365
2012-03-02,1.3202,1.5852,81.56,1.0747,0.9887,0.9134,0.8315
2012-03-09,1.3108,1.5677,82.59,1.059,0.9894,0.92,0.8218
2012-03-16,1.3171,1.5845,83.34,1.0584,0.9912,0.916,0.824
2012-03-23,1.3263,1.5864,82.35,1.0456,0.9983,0.9085,0.8171
2012-03-30,1.3334,1.5985,82.41,1.0367,0.999,0.9026,0.82
2012-04-06,1.3089,1.5877,81.56,1.0311,0.9971,0.9176,0.8197
2012-04-13,1.3082,1.5851,80.99,1.0372,0.9978,0.9189,0.8243
2012-04-20,1.3212,1.6123,81.6,1.0375,0.9912,0.9095,0.8173
2012-04-27,1.3248,1.6239,80.48,1.0447,0.9807,0.9066,0.8199
2012-05-04,1.3091,1.6148,79.84,1.019,0.9955,0.9176,0.7951
2012-05-11,1.2937,1.608,79.86,1.0065,0.9967,0.9283,0.7868
2012-05-18,1.2721,1.5788,79.14,0.9819,1.0211,0.9442,0.7542
2012-05-25,1.2518,1.5648,79.64,0.9778,1.0285,0.9592,0.7558
2012-06-01,1.242,1.5383,78.21,0.9688,1.0378,0.9671,0.7537
2012-06-08,1.2482,1.5433,79.47,0.9869,1.0332,0.962,0.7673
2012-06-15,1.2633,1.5654,78.65,1.0057,1.0244,0.9506,0.7876
2012-06-22,1.2545,1.5582,80.52,1.0059,1.0258,0.9572,0.7905
2012-06-29,1.2668,1.5686,79.81,1.0236,1.019,0.9485,0.8027
2012-07-06,1.2283,1.548,79.61,1.0187,1.0198,0.9777,0.7965
2012-07-13,1.2232,1.555,79.2,1.0212,1.0151,0.9817,0.7947
2012-07-20,1.2176,1.563,78.49,1.0383,1.0113,0.9863,0.7992
2012-07-27,1.237,1.5728,78.55,1.0441,1.0059,0.9709,0.8076
2012-08-03,1.239,1.565,78.6,1.0566,0.9986,0.9697,0.8198
2012-08-10,1.2298,1.5679,78.24,1.0569,0.9917,0.9764,0.8126
2012-08-17,1.2315,1.5697,79.5,1.0427,0.9883,0.9752,0.808
2012-08-24,1.2533,1.5815,78.65,1.0411,0.9919,0.9581,0.8116
2012-08-31,1.2578,1.5864,78.3,1.0334,0.9862,0.9546,0.8037
2012-09-07,1.2796,1.6016,78.14,1.039,0.9777,0.9452,0.8113
2012-09-14,1.3142,1.6244,78.22,1.0561,0.971,0.925,0.8291
2012-09-21,1.299,1.6251,78.17,1.0469,0.9757,0.9327,0.8305
2012-09-28,1.2856,1.6132,77.92,1.0388,0.9837,0.94,0.8293
2012-10-05,1.3059,1.6196,78.66,1.0218,0.9763,0.9284,0.8231
2012-10-12,1.2946,1.6075,78.31,1.0228,0.9797,0.9334,0.8176
2012-10-19,1.3022,1.6003,79.26,1.0328,0.993,0.9286,0.8161
2012-10-26,1.2938,1.6098,79.63,1.0358,0.999,0.9348,0.8226
2012-11-02,1.2848,1.6036,80.53,1.0367,0.9962,0.9396,0.8261
2012-11-09,1.2715,1.5912,79.46,1.0395,1.0007,0.9483,0.8148
2012-11-16,1.2715,1.5866,81.28,1.0318,1.0029,0.9472,0.8092
2012-11-23,1.2959,1.6032,82.34,1.0451,0.9927,0.9296,0.824
2012-11-30,1.301,1.6027,82.54,1.0429,0.9931,0.9264,0.8201
2012-12-07,1.2942,1.6031,82.37,1.0486,0.989,0.9333,0.8328
2012-12-14,1.3134,1.6139,83.52,1.0555,0.986,0.9196,0.8447
2012-12-21,1.3166,1.6167,84.1,1.042,0.9941,0.9172,0.8245
2012-12-28,1.322,1.6157,86.12,1.0384,0.9951,0.913,0.8209
2013-01-04,1.3047,1.6036,88.14,1.0454,0.9856,0.9262,0.8285
2013-01-11,1.3353,1.6128,89.22,1.0538,0.9842,0.912,0.8371
2013-01-18,1.3303,1.5876,89.9,1.0495,0.9937,0.9346,0.8351
2013-01-25,1.3456,1.5799,91.04,1.0421,1.0078,0.9252,0.8374
2013-02-01,1.3692,1.5744,92.54,1.0412,0.9987,0.903,0.8464
2013-02-08,1.3366,1.5814,92.72,1.0319,1.0021,0.9183,0.8353
2013-02-15,1.3362,1.5518,93.64,1.0304,1.0069,0.9226,0.8457
2013-02-22,1.3166,1.5256,93.35,1.0318,1.0222,0.9314,0.8382
2013-03-01,1.2988,1.5033,93.38,1.021,1.0285,0.9448,0.8248
2013-03-08,1.2992,1.4926,96.0,1.0227,1.0273,0.9535,0.8201
2013-03-15,1.3076,1.5124,95.26,1.0398,1.0202,0.9396,0.8267
2013-03-22,1.2996,1.5239,94.48,1.0447,1.0224,0.9402,0.8352
2013-03-29,1.2816,1.5193,94.16,1.0409,1.0174,0.949,0.836
2013-04-05,1.3027,1.5336,96.86,1.0385,1.019,0.9324,0.8421
2013-04-12,1.3094,1.5373,98.98,1.0503,1.0134,0.929,0.8572
2013-04-19,1.3066,1.5254,99.28,1.0297,1.0264,0.9324,0.8436
2013-04-26,1.3024,1.5479,97.84,1.0275,1.017,0.9414,0.8509
2013-05-03,1.3112,1.5563,99.1,1.0313,1.0077,0.934,0.8538
2013-05-10,1.2955,1.5334,101.74,0.9987,1.0123,0.9594,0.8274
2013-05-17,1.2818,1.5173,102.98,0.9737,1.0268,0.9731,0.8082
2013-05-24,1.292,1.5126,100.98,0.9675,1.0322,0.9621,0.8098
2013-05-31,1.2988,1.5185,100.83,0.9608,1.0337,0.9583,0.7973
2013-06-07,1.3242,1.5558,97.2,0.9494,1.0208,0.9342,0.7883
2013-06-14,1.333,1.5686,94.34,0.9587,1.0175,0.9222,0.8065
2013-06-21,1.3113,1.5373,97.48,0.9191,1.0467,0.9354,0.7713
2013-06-28,1.301,1.521,99.21,0.9165,1.0513,0.945,0.7755
2013-07-05,1.2831,1.491,100.94,0.907,1.0566,0.9624,0.7711
2013-07-12,1.3048,1.5108,99.39,0.9049,1.0393,0.9468,0.7781
2013-07-19,1.3142,1.526,100.3,0.92,1.0362,0.9401,0.7946
2013-07-26,1.3269,1.5368,98.24,0.9242,1.0292,0.9289,0.8072
2013-08-02,1.3268,1.5277,99.04,0.8901,1.0379,0.9293,0.7823
2013-08-09,1.3338,1.5507,96.24,0.9187,1.0302,0.9221,0.8038
2013-08-16,1.3321,1.5621,97.6,0.9193,1.0344,0.9269,0.8118
2013-08-23,1.3392,1.5578,98.57,0.9038,1.0512,0.9207,0.7818
2013-08-30,1.3196,1.5468,98.22,0.8901,1.0554,0.9313,0.7729
2013-09-06,1.3166,1.5633,99.04,0.9205,1.039,0.9385,0.8007
2013-09-13,1.3276,1.5861,99.38,0.9243,1.0341,0.9319,0.8144
2013-09-20,1.3522,1.6021,99.38,0.9397,1.0287,0.9104,0.8372
2013-09-27,1.3537,1.6135,98.3,0.9324,1.03,0.905,0.8273
2013-10-04,1.3582,1.6069,97.2,0.9443,1.0306,0.9052,0.8327
2013-10-11,1.3559,1.5945,98.42,0.9473,1.0383,0.9103,0.8334
2013-10-18,1.3693,1.6184,97.77,0.9671,1.0287,0.9013,0.8497
2013-10-25,1.3794,1.6158,97.46,0.9578,1.0449,0.8939,0.8282
2013-11-01,1.3488,1.5922,98.78,0.9438,1.0442,0.9124,0.8231
2013-11-08,1.3357,1.5995,99.03,0.9381,1.0486,0.922,0.8254
2013-11-15,1.348,1.6107,100.17,0.9365,1.0457,0.9152,0.8331
2013-11-22,1.3547,1.6211,101.29,0.9163,1.0534,0.9072,0.8169
2013-11-29,1.3606,1.6373,102.45,0.9125,1.0597,0.9047,0.8157
2013-12-06,1.369,1.6327,102.88,0.9091,1.0663,0.8939,0.8271
2013-12-13,1.3724,1.6294,103.28,0.8961,1.0594,0.8904,0.8265
2013-12-20,1.3673,1.6355,104.07,0.8918,1.0679,0.8952,0.8214
2013-12-27,1.3766,1.6491,105.05,0.8886,1.0697,0.8893,0.818
2014-01-03,1.3606,1.6424,104.46,0.8976,1.0612,0.9044,0.8296
2014-01-10,1.3664,1.647,104.06,0.8985,1.0915,0.9032,0.8294
2014-01-17,1.3554,1.6429,104.32,0.8778,1.0959,0.91,0.8259
2014-01-24,1.368,1.6491,102.41,0.8715,1.1063,0.8949,0.8253
2014-01-31,1.35,1.645,102.28,0.8743,1.1116,0.9052,0.809
2014-02-07,1.3614,1.6395,102.32,0.8959,1.1014,0.8992,0.8283
2014-02-14,1.369,1.6736,101.82,0.9023,1.0981,0.8928,0.8367
2014-02-21,1.3722,1.663,102.71,0.8961,1.1128,0.8888,0.8283
2014-02-28,1.3806,1.675,102.08,0.8933,1.1075,0.881,0.839
2014-03-07,1.3868,1.6725,103.38,0.9071,1.1088,0.8785,0.8455
2014-03-14,1.3924,1.663,101.46,0.904,1.1087,0.8712,0.8551
2014-03-21,1.3783,1.6498,102.38,0.909,1.1191,0.8836,0.8548
2014-03-28,1.3753,1.6637,102.92,0.9239,1.1066,0.8869,0.8655
2014-04-04,1.3704,1.6594,103.39,0.9292,1.0978,0.8918,0.8585
2014-04-11,1.3898,1.6736,101.56,0.9401,1.096,0.8748,0.8686
2014-04-18,1.3816,1.6792,102.43,0.933,1.1024,0.8832,0.8593
2014-04-25,1.3838,1.681,102.12,0.9272,1.1041,0.8809,0.8582
2014-05-02,1.3864,1.6865,102.34,0.9257,1.0973,0.8789,0.8645
2014-05-09,1.3763,1.6849,101.74,0.9358,1.0899,0.886,0.8611
2014-05-16,1.3708,1.6827,101.5,0.9367,1.0883,0.891,0.8635
2014-05-23,1.3628,1.6822,101.88,0.9235,1.087,0.8958,0.8548
2014-05-30,1.364,1.6764,101.77,0.9298,1.0867,0.8944,0.8485
2014-06-06,1.3639,1.6794,102.5,0.9328,1.0936,0.8938,0.85
2014-06-13,1.3522,1.6953,102.06,0.9396,1.0868,0.9008,0.8653
2014-06-20,1.3586,1.7014,102.14,0.9387,1.0766,0.896,0.8691
2014-06-27,1.3631,1.7016,101.39,0.9413,1.0676,0.8919,0.8765
2014-07-04,1.361,1.7152,102.19,0.9358,1.0633,0.8934,0.8763
2014-07-11,1.3598,1.7108,101.33,0.9383,1.072,0.8926,0.8804
2014-07-18,1.3515,1.7069,101.37,0.9386,1.0737,0.8989,0.8678
2014-07-25,1.3431,1.6972,101.81,0.9404,1.0814,0.9045,0.8548
2014-08-01,1.3436,1.6832,102.45,0.9304,1.0918,0.9048,0.851
2014-08-08,1.3412,1.6778,101.91,0.9277,1.0982,0.905,0.8472
2014-08-15,1.3392,1.6686,102.19,0.9306,1.091,0.9026,0.8488
2014-08-22,1.3237,1.6574,103.97,0.9309,1.0949,0.9142,0.8393
2014-08-29,1.315,1.6585,104.0,0.9344,1.0858,0.9174,0.8367
2014-09-05,1.2956,1.6312,104.94,0.9376,1.089,0.9306,0.8327
2014-09-12,1.2955,1.6243,107.24,0.9047,1.1075,0.9337,0.8156
2014-09-19,1.2835,1.6314,108.96,0.8935,1.0968,0.9404,0.8119
2014-09-26,1.2686,1.6254,109.32,0.8761,1.1162,0.9513,0.7876
2014-10-03,1.2517,1.5962,109.7,0.8675,1.1254,0.967,0.7772
2014-10-10,1.2636,1.6049,107.83,0.8719,1.1173,0.9568,0.7834
2014-10-17,1.2755,1.6086,106.72,0.8761,1.1247,0.9468,0.7935
2014-10-24,1.2675,1.6098,108.06,0.8812,1.1211,0.9514,0.7863
2014-10-31,1.253,1.5999,112.09,0.8791,1.1272,0.9623,0.778
2014-11-07,1.2422,1.5844,114.73,0.862,1.136,0.9684,0.7736
2014-11-14,1.2494,1.5657,116.52,0.8737,1.1294,0.9616,0.791
2014-11-21,1.2394,1.5672,117.74,0.8674,1.1237,0.9696,0.7886
2014-11-28,1.2438,1.5638,118.7,0.8524,1.1426,0.9658,0.784
2014-12-05,1.2304,1.56,121.38,0.833,1.1423,0.9772,0.7718
2014-12-12,1.2484,1.5728,118.22,0.8268,1.1538,0.962,0.7789
2014-12-19,1.2235,1.5609,119.56,0.8128,1.1626,0.9832,0.7745
2014-12-26,1.2188,1.5549,120.45,0.8109,1.1621,0.9865,0.7721
2015-01-02,1.2015,1.5361,120.2,0.8118,1.1725,1.0004,0.7711
2015-01-09,1.183,1.5151,118.66,0.8191,1.1857,1.0151,0.7832
2015-01-16,1.1517,1.5132,117.45,0.8194,1.1986,0.8488,0.7778
2015-01-23,1.1279,1.5022,117.8,0.7935,1.24,0.876,0.7477
2015-01-30,1.129,1.5026,117.44,0.7762,1.2716,0.921,0.7248
2015-02-06,1.133,1.5247,119.16,0.7807,1.2524,0.9228,0.7361
2015-02-13,1.1408,1.5394,118.7,0.7772,1.2449,0.9308,0.7468
2015-02-20,1.1372,1.5385,118.68,0.7833,1.2503,0.9419,0.7534
2015-02-27,1.1197,1.5439,119.72,0.781,1.2506,0.9513,0.7557
2015-03-06,1.0855,1.5063,120.93,0.7712,1.2615,0.9846,0.7365
2015-03-13,1.0524,1.4755,121.17,0.7631,1.2803,1.0047,0.733
2015-03-20,1.0792,1.4923,120.28,0.7759,1.2593,0.9766,0.7555
2015-03-27,1.0891,1.4878,119.15,0.7754,1.2579,0.9586,0.756
2015-04-03,1.099,1.4916,118.96,0.7645,1.2465,0.9504,0.7595
2015-04-10,1.0598,1.4648,120.29,0.7674,1.2596,0.9807,0.7532
2015-04-17,1.078,1.4942,119.02,0.7776,1.2225,0.9528,0.7684
2015-04-24,1.0876,1.5176,118.98,0.7825,1.2168,0.9533,0.7601
2015-05-01,1.1194,1.5137,120.21,0.7813,1.2191,0.934,0.752
2015-05-08,1.1241,1.5455,119.78,0.7914,1.2086,0.9274,0.749
2015-05-15,1.1428,1.5772,119.36,0.8053,1.2009,0.9174,0.7489
2015-05-22,1.1033,1.5484,121.45,0.7828,1.2288,0.9428,0.7307
2015-05-29,1.0994,1.5286,123.98,0.7659,1.2466,0.9404,0.7111
2015-06-05,1.1108,1.5267,125.58,0.7622,1.2488,0.9436,0.7046
2015-06-12,1.1278,1.5587,123.23,0.7742,1.2306,0.926,0.6985
2015-06-19,1.1335,1.5881,122.7,0.7758,1.2273,0.9206,0.6895
2015-06-26,1.1156,1.5739,123.92,0.765,1.2358,0.9351,0.6831
2015-07-03,1.109,1.5614,123.14,0.763,1.2566,0.9436,0.6726
2015-07-10,1.115,1.5503,122.75,0.7427,1.2713,0.9411,0.6699
2015-07-17,1.0848,1.5624,124.0,0.7371,1.2997,0.9608,0.6527
2015-07-24,1.0976,1.5514,123.74,0.7279,1.3059,0.962,0.6586
2015-07-31,1.1028,1.5634,123.94,0.7332,1.3047,0.9636,0.6625
2015-08-07,1.0958,1.5467,124.27,0.7393,1.3122,0.9824,0.6596
2015-08-14,1.111,1.5625,124.27,0.7376,1.3075,0.978,0.6546
2015-08-21,1.1356,1.5698,122.11,0.7343,1.3146,0.9488,0.6706
2015-08-28,1.1172,1.5362,121.32,0.7129,1.3268,0.9622,0.6446
2015-09-04,1.1117,1.5195,119.05,0.6917,1.3272,0.9754,0.628
2015-09-11,1.1338,1.5426,120.66,0.7074,1.3274,0.9735,0.6314
2015-09-18,1.1358,1.5573,119.85,0.7222,1.3146,0.9614,0.6416
2015-09-25,1.1192,1.5172,120.74,0.7014,1.3322,0.976,0.6369
2015-10-02,1.1276,1.5216,119.42,0.7025,1.3213,0.9684,0.6432
2015-10-09,1.1363,1.5315,120.3,0.7328,1.2945,0.9615,0.67
2015-10-16,1.136,1.5441,119.6,0.7261,1.2932,0.9536,0.6799
2015-10-23,1.1016,1.534,121.2,0.7215,1.3171,0.9769,0.6751
2015-10-30,1.1042,1.5445,120.7,0.7133,1.3082,0.9858,0.6766
2015-11-06,1.0746,1.5071,123.2,0.7034,1.3307,1.0048,0.6509
2015-11-13,1.0722,1.5208,122.93,0.7118,1.3332,1.0088,0.6528
2015-11-20,1.066,1.5199,122.8,0.7233,1.3337,1.0183,0.6558
2015-11-27,1.0596,1.504,122.84,0.7192,1.336,1.0305,0.6536
2015-12-04,1.0884,1.51,123.1,0.7346,1.3364,0.9986,0.6755
2015-12-11,1.1002,1.5213,120.94,0.7214,1.3695,0.9828,0.6727
2015-12-18,1.0847,1.4914,121.2,0.7197,1.3876,0.994,0.6752
2015-12-25,1.0955,1.4943,120.32,0.7269,1.3847,0.9872,0.6838
2016-01-01,1.0859,1.4746,120.27,0.7286,1.3839,1.0017,0.6842
2016-01-08,1.0885,1.4523,117.74,0.6976,1.415,0.9972,0.6559
2016-01-15,1.0964,1.4289,116.78,0.6864,1.4531,0.9984,0.6431
2016-01-22,1.0814,1.4308,118.37,0.7014,1.4153,1.0148,0.6483
2016-01-29,1.0832,1.4184,121.05,0.7071,1.4074,1.0226,0.6469
2016-02-05,1.1131,1.4468,116.99,0.7084,1.3875,0.9938,0.6619
2016-02-12,1.1235,1.446,112.96,0.7098,1.3834,0.9768,0.6628
2016-02-19,1.1127,1.4343,112.42,0.7125,1.3798,0.9893,0.6615
2016-02-26,1.0932,1.3867,113.78,0.713,1.3546,0.9967,0.6648
2016-03-04,1.101,1.4226,113.91,0.7425,1.3337,0.9926,0.6799
2016-03-11,1.118,1.4426,113.66,0.7572,1.3211,0.9813,0.6763
2016-03-18,1.1292,1.4514,111.38,0.7618,1.298,0.9682,0.6812
2016-03-25,1.1164,1.4131,113.05,0.7518,1.3264,0.978,0.6685
2016-04-01,1.1385,1.4204,112.06,0.7672,1.3047,0.9588,0.6899
2016-04-08,1.1406,1.4105,108.36,0.7554,1.2994,0.9536,0.6815
2016-04-15,1.1295,1.4217,108.76,0.7717,1.2857,0.967,0.6913
2016-04-22,1.1239,1.439,111.5,0.7713,1.2672,0.9774,0.6854
2016-04-29,1.1441,1.4625,106.9,0.7612,1.2549,0.9598,0.6984
2016-05-06,1.1421,1.4439,106.66,0.7358,1.292,0.9697,0.6843
2016-05-13,1.1294,1.4369,109.14,0.7273,1.2939,0.9756,0.6781
2016-05-20,1.1207,1.4513,110.52,0.7215,1.3136,0.992,0.676
2016-05-27,1.114,1.4644,109.86,0.7205,1.3001,0.9916,0.6729
2016-06-03,1.133,1.4521,106.88,0.7339,1.2947,0.9781,0.6942
2016-06-10,1.1281,1.4342,107.06,0.7395,1.2734,0.9632,0.7069
2016-06-17,1.1256,1.4285,104.2,0.7385,1.2875,0.961,0.7056
2016-06-24,1.1126,1.3639,102.26,0.7451,1.2948,0.9702,0.7109
2016-07-01,1.1145,1.3281,102.55,0.7485,1.2897,0.973,0.7167
2016-07-08,1.1038,1.2938,100.65,0.7559,1.3072,0.9843,0.7293
2016-07-15,1.1059,1.3194,105.64,0.7587,1.2978,0.9834,0.7133
2016-07-22,1.0968,1.3091,106.22,0.7453,1.3178,0.9888,0.699
2016-07-29,1.1168,1.327,102.32,0.7599,1.304,0.969,0.7216
2016-08-05,1.108,1.3069,101.74,0.7615,1.3179,0.9796,0.7138
2016-08-12,1.1172,1.2934,101.01,0.7669,1.2943,0.9738,0.7215
2016-08-19,1.1326,1.3061,100.24,0.762,1.2878,0.9594,0.7268
2016-08-26,1.1237,1.3168,101.2,0.7614,1.2944,0.9718,0.7302
2016-09-02,1.1158,1.3299,104.18,0.7557,1.2998,0.9804,0.7286
2016-09-09,1.1214,1.3257,102.86,0.7549,1.3034,0.977,0.7336
2016-09-16,1.116,1.309,102.36,0.7489,1.3212,0.9794,0.7271
2016-09-23,1.1223,1.2959,101.04,0.7621,1.3163,0.9702,0.7235
2016-09-30,1.1238,1.3015,101.21,0.7667,1.3115,0.9694,0.729
2016-10-07,1.1156,1.2434,103.42,0.7556,1.3306,0.9806,0.7119
2016-10-14,1.0985,1.2189,104.1,0.761,1.3169,0.9902,0.7087
2016-10-21,1.0866,1.221,103.96,0.7597,1.3324,0.9951,0.7154
2016-10-28,1.0934,1.2155,105.4,0.7578,1.3383,0.9932,0.7144
2016-11-04,1.1121,1.2546,103.02,0.7669,1.3413,0.9682,0.7311
2016-11-11,1.0882,1.2523,106.56,0.759,1.3474,0.9878,0.7202
2016-11-18,1.06,1.2327,110.51,0.7345,1.3518,1.0094,0.7028
2016-11-25,1.0595,1.2462,113.17,0.7425,1.3512,1.0136,0.7045
2016-12-02,1.0666,1.2685,113.76,0.7445,1.3298,1.011,0.7139
2016-12-09,1.0541,1.259,115.17,0.7442,1.3162,1.0184,0.7139
2016-12-16,1.0456,1.2478,117.74,0.7298,1.3339,1.0258,0.6981
2016-12-23,1.0449,1.2252,117.22,0.7174,1.3533,1.0268,0.687
2016-12-30,1.0552,1.2337,116.78,0.723,1.3426,1.016,0.6958
2017-01-06,1.056,1.2314,116.85,0.7305,1.3216,1.015,0.6973
2017-01-13,1.0625,1.2198,115.03,0.7481,1.3134,1.0098,0.7105
2017-01-20,1.063,1.2319,115.3,0.7545,1.3327,1.0094,0.7171
2017-01-27,1.069,1.2531,115.16,0.7549,1.3108,0.9992,0.7257
2017-02-03,1.0792,1.2504,112.42,0.7686,1.3003,0.991,0.7322
2017-02-10,1.065,1.2502,113.22,0.7686,1.3073,1.0028,0.7207
2017-02-17,1.0614,1.2428,112.86,0.7657,1.3114,1.0022,0.7182
2017-02-24,1.058,1.2499,112.26,0.7681,1.3106,1.0055,0.7201
2017-03-03,1.0552,1.2249,114.6,0.7559,1.3419,1.0118,0.7012
2017-03-10,1.0667,1.2158,115.02,0.7531,1.3468,1.0104,0.6919
2017-03-17,1.0742,1.2372,112.67,0.769,1.3366,0.9978,0.7008
2017-03-24,1.0806,1.2491,111.03,0.7619,1.3373,0.991,0.703
2017-03-31,1.0698,1.2537,111.41,0.7638,1.3321,0.9998,0.7001
2017-04-07,1.0616,1.2398,110.76,0.7516,1.3396,1.0066,0.6957
2017-04-14,1.0625,1.2531,108.63,0.7575,1.3316,1.0038,0.7009
2017-04-21,1.0694,1.2783,109.08,0.7539,1.3502,0.9987,0.702
2017-04-28,1.0895,1.2938,111.44,0.7475,1.3669,0.9944,0.686
2017-05-05,1.0996,1.295,112.63,0.7414,1.3699,0.9876,0.6915
2017-05-12,1.0926,1.288,113.3,0.7397,1.3717,1.0008,0.686
2017-05-19,1.119,1.3018,111.47,0.7449,1.3537,0.9754,0.6913
2017-05-26,1.117,1.2795,111.3,0.744,1.3454,0.9753,0.7055
2017-06-02,1.127,1.2885,110.49,0.7441,1.35,0.9642,0.7141
2017-06-09,1.119,1.2737,110.61,0.7532,1.3434,0.97,0.7207
2017-06-16,1.1194,1.2778,110.84,0.7622,1.3235,0.9739,0.7252
2017-06-23,1.1196,1.2727,111.26,0.7578,1.3263,0.9692,0.7294
2017-06-30,1.1411,1.2995,112.4,0.7676,1.2982,0.9586,0.7322
2017-07-07,1.1396,1.288,114.1,0.7599,1.287,0.9644,0.7273
2017-07-14,1.1452,1.3079,112.66,0.7813,1.2655,0.9654,0.7331
2017-07-21,1.1655,1.2968,111.18,0.7911,1.2545,0.9468,0.7437
2017-07-28,1.1754,1.3124,110.87,0.7991,1.2436,0.9685,0.7506
2017-08-04,1.1754,1.3036,110.76,0.7924,1.2639,0.9721,0.7414
2017-08-11,1.1811,1.2988,109.06,0.788,1.2689,0.962,0.7305
2017-08-18,1.1748,1.2847,109.32,0.7933,1.2585,0.9642,0.7329
2017-08-25,1.1874,1.2873,109.24,0.7929,1.2494,0.9574,0.7232
2017-09-01,1.1878,1.2972,110.09,0.798,1.2372,0.9626,0.7167
2017-09-08,1.2041,1.3211,107.72,0.8071,1.2131,0.9456,0.7279
2017-09-15,1.1959,1.3578,110.84,0.8007,1.2183,0.9594,0.7289
2017-09-22,1.1969,1.3531,112.01,0.7975,1.2305,0.9694,0.7343
2017-09-29,1.1813,1.3402,112.64,0.784,1.2509,0.9688,0.7225
2017-10-06,1.1732,1.3063,112.68,0.7765,1.2543,0.9777,0.7092
2017-10-13,1.1837,1.3304,111.94,0.7885,1.2494,0.9745,0.7186
2017-10-20,1.177,1.3179,113.5,0.7812,1.2618,0.9844,0.6959
2017-10-27,1.158,1.3108,113.82,0.766,1.2871,0.999,0.6871
2017-11-03,1.1616,1.3067,114.25,0.765,1.2769,1.0002,0.6909
2017-11-10,1.1648,1.3133,113.4,0.7668,1.2693,0.9958,0.6952
2017-11-17,1.1799,1.3222,111.98,0.7563,1.2785,0.9882,0.6812
2017-11-24,1.1936,1.3336,111.54,0.7619,1.2705,0.9788,0.6885
2017-12-01,1.191,1.3505,111.88,0.7624,1.2705,0.9762,0.6892
2017-12-08,1.1761,1.3367,113.55,0.7507,1.2867,0.9928,0.6845
2017-12-15,1.1778,1.3316,112.68,0.7646,1.2846,0.9903,0.7002
2017-12-22,1.1839,1.3379,113.3,0.7713,1.2748,0.9898,0.7015
2017-12-29,1.2022,1.3529,112.69,0.7815,1.2517,0.9738,0.71
2018-01-05,1.2039,1.3562,113.18,0.7859,1.2396,0.9752,0.717
2018-01-12,1.213,1.3689,111.23,0.7886,1.2517,0.9713,0.7239
2018-01-19,1.2238,1.3857,110.56,0.8001,1.2456,0.9612,0.7285
2018-01-26,1.2422,1.4179,108.38,0.8105,1.232,0.9342,0.7348
2018-02-02,1.2446,1.4126,110.4,0.7929,1.2393,0.932,0.7304
2018-02-09,1.2226,1.3794,108.44,0.7809,1.2599,0.9393,0.7252
2018-02-16,1.2442,1.4055,106.1,0.7925,1.2532,0.9258,0.7398
2018-02-23,1.2298,1.3979,106.64,0.7827,1.2659,0.9356,0.7291
2018-03-02,1.2314,1.3769,105.65,0.7754,1.2882,0.9378,0.7234
2018-03-09,1.2326,1.3863,106.74,0.7849,1.2822,0.9493,0.7295
2018-03-16,1.228,1.3919,106.1,0.7733,1.3096,0.9532,0.7217
2018-03-23,1.236,1.4151,104.83,0.7721,1.287,0.9465,0.7254
2018-03-30,1.232,1.4027,106.2,0.769,1.2891,0.9532,0.7239
2018-04-06,1.2274,1.4088,107.03,0.7684,1.2763,0.9602,0.7273
2018-04-13,1.2322,1.4255,107.52,0.7768,1.2604,0.9631,0.7351
2018-04-20,1.2282,1.4033,107.6,0.7671,1.274,0.9744,0.7211
2018-04-27,1.2108,1.3785,109.12,0.7566,1.2862,0.9884,0.707
2018-05-04,1.1946,1.3535,109.16,0.7534,1.2848,1.0005,0.7017
2018-05-11,1.1951,1.3549,109.26,0.7544,1.2781,0.9996,0.697
2018-05-18,1.1775,1.3476,110.71,0.7511,1.2892,0.997,0.6912
2018-05-25,1.1666,1.3321,109.35,0.7558,1.2972,0.9912,0.6922
2018-06-01,1.1679,1.3358,109.49,0.7566,1.2948,0.9867,0.6987
2018-06-08,1.1773,1.3406,109.45,0.7601,1.2956,0.986,0.7036
2018-06-15,1.1616,1.3283,110.58,0.7455,1.3167,0.9962,0.6943
2018-06-22,1.163,1.3258,109.98,0.7424,1.3318,0.9902,0.6895
2018-06-29,1.1677,1.3197,110.71,0.7399,1.314,0.9922,0.6773
2018-07-06,1.1738,1.3262,110.48,0.7421,1.309,0.9901,0.6829
2018-07-13,1.1667,1.3216,112.38,0.741,1.3168,1.0028,0.676
2018-07-20,1.1708,1.3114,111.74,0.741,1.3155,0.9944,0.6802
2018-07-27,1.166,1.3118,110.94,0.741,1.3057,0.994,0.6799
2018-08-03,1.1597,1.3021,111.12,0.7406,1.2975,0.9926,0.6757
2018-08-10,1.1399,1.2769,110.66,0.7298,1.3126,0.9954,0.6602
2018-08-17,1.141,1.2735,110.54,0.7282,1.308,0.9948,0.6608
2018-08-24,1.1625,1.2858,111.22,0.7332,1.3022,0.9824,0.6692
2018-08-31,1.1596,1.2964,110.98,0.7192,1.3072,0.9698,0.6614
2018-09-07,1.1572,1.2934,111.18,0.7135,1.317,0.9684,0.6549
2018-09-14,1.1656,1.3084,112.09,0.7178,1.3029,0.9665,0.6563
2018-09-21,1.1739,1.3067,112.62,0.7278,1.2912,0.9593,0.6679
2018-09-28,1.1622,1.3053,113.48,0.7238,1.2922,0.9758,0.6635
2018-10-05,1.1502,1.3101,113.56,0.7048,1.2948,0.9922,0.6439
2018-10-12,1.1559,1.3154,112.02,0.7116,1.3023,0.9916,0.6511
2018-10-19,1.1513,1.3045,112.52,0.7132,1.3101,0.9968,0.6595
2018-10-26,1.1388,1.2826,111.65,0.7088,1.31,0.998,0.652
2018-11-02,1.1378,1.2965,113.09,0.7199,1.3108,1.0036,0.6655
2018-11-09,1.1325,1.2978,113.77,0.7226,1.323,1.0062,0.6735
2018-11-16,1.1402,1.2839,112.76,0.7312,1.3174,1.0012,0.6861
2018-11-23,1.1332,1.2804,112.83,0.7225,1.3226,0.9976,0.6774
2018-11-30,1.1323,1.2772,113.54,0.7311,1.3282,0.9987,0.688
2018-12-07,1.139,1.2749,112.6,0.721,1.3302,0.9914,0.6859
2018-12-14,1.13,1.257,113.35,0.7176,1.3387,0.997,0.6806
2018-12-21,1.1402,1.2681,111.14,0.7072,1.357,0.9914,0.6726
2018-12-28,1.1445,1.2699,110.34,0.7044,1.3629,0.9838,0.6704
2019-01-04,1.141,1.274,108.29,0.7108,1.3399,0.9859,0.6743
2019-01-11,1.1479,1.2836,108.34,0.7204,1.3256,0.9829,0.6826
2019-01-18,1.1362,1.2898,109.79,0.7172,1.3262,0.9954,0.6751
2019-01-25,1.1407,1.3176,109.6,0.7172,1.3259,0.993,0.6839
2019-02-01,1.1474,1.3094,109.55,0.726,1.3095,0.994,0.6907
2019-02-08,1.1326,1.2933,109.76,0.709,1.3277,1.0,0.6755
2019-02-15,1.1268,1.2857,110.54,0.7122,1.3272,1.0063,0.6856
2019-02-22,1.1342,1.3067,110.7,0.7138,1.3188,0.9998,0.6841
2019-03-01,1.1376,1.3222,111.89,0.708,1.3277,0.9987,0.6806
2019-03-08,1.1243,1.301,111.11,0.7048,1.3426,1.0074,0.6807
2019-03-15,1.1326,1.3278,111.57,0.7089,1.3337,1.0026,0.685
2019-03-22,1.1282,1.3219,109.76,0.7091,1.3406,0.994,0.6888
2019-03-29,1.1228,1.3032,110.68,0.7104,1.336,0.9962,0.682
2019-04-05,1.1217,1.301,111.71,0.7099,1.3387,1.0003,0.6725
2019-04-12,1.1304,1.3086,112.0,0.7176,1.3332,1.0017,0.6769
2019-04-19,1.1246,1.3003,111.92,0.715,1.3386,1.0144,0.6691
2019-04-26,1.1154,1.293,111.6,0.7044,1.3459,1.019,0.667
2019-05-03,1.1186,1.3139,111.28,0.7018,1.3425,1.0178,0.6642
2019-05-10,1.1241,1.3036,109.56,0.6998,1.3428,1.0109,0.66
2019-05-17,1.1166,1.2723,109.9,0.6874,1.3477,1.0108,0.6522
2019-05-24,1.1197,1.27,109.38,0.6914,1.3454,1.0021,0.6548
2019-05-31,1.1149,1.262,108.66,0.693,1.3523,1.0034,0.6525
2019-06-07,1.1324,1.274,108.15,0.7002,1.3287,0.9877,0.6664
2019-06-14,1.1217,1.2601,108.44,0.6872,1.3382,0.999,0.6502
2019-06-21,1.1328,1.2703,107.55,0.692,1.3217,0.9789,0.6572
2019-06-28,1.1374,1.2704,107.84,0.7009,1.3091,0.9758,0.6711
2019-07-05,1.1216,1.2506,108.55,0.6968,1.3108,0.9923,0.6617
2019-07-12,1.1254,1.2553,108.0,0.7007,1.3042,0.9845,0.6681
2019-07-19,1.122,1.25,107.78,0.7042,1.3081,0.9823,0.6771
2019-07-26,1.1121,1.2387,108.69,0.6908,1.3187,0.9933,0.6632
2019-08-02,1.1112,1.2132,106.64,0.6806,1.3217,0.982,0.6547
2019-08-09,1.1222,1.2085,105.3,0.6796,1.3226,0.971,0.6479
2019-08-16,1.1091,1.2152,106.34,0.6782,1.328,0.98,0.643
2019-08-23,1.1148,1.2261,105.3,0.6749,1.3319,0.9748,0.6395
2019-08-30,1.0989,1.2166,106.3,0.673,1.329,0.9899,0.6299
2019-09-06,1.1042,1.2299,106.8,0.6856,1.317,0.9866,0.6439
2019-09-13,1.1074,1.2462,108.12,0.6886,1.3268,0.9898,0.6384
2019-09-20,1.1004,1.2489,107.95,0.677,1.3268,0.993,0.6258
2019-09-27,1.0942,1.2312,108.05,0.6764,1.325,0.9919,0.6296
2019-10-04,1.0974,1.2309,106.91,0.6764,1.3332,0.9958,0.6314
2019-10-11,1.1039,1.2683,108.52,0.6804,1.3181,0.9967,0.6345
2019-10-18,1.1155,1.2904,108.44,0.6846,1.3134,0.9856,0.6373
2019-10-25,1.1081,1.2833,108.75,0.6829,1.3064,0.9945,0.6363
2019-11-01,1.1169,1.295,108.16,0.6914,1.3145,0.9855,0.6445
2019-11-08,1.1019,1.279,109.14,0.6854,1.3218,0.9971,0.6333
2019-11-15,1.1046,1.2901,108.8,0.681,1.3228,0.9903,0.6403
2019-11-22,1.1029,1.2829,108.67,0.6784,1.3293,0.9967,0.6406
2019-11-29,1.1019,1.2939,109.47,0.6762,1.3291,1.0001,0.6419
2019-12-06,1.1052,1.3127,108.66,0.6836,1.3255,0.9909,0.6565
2019-12-13,1.1128,1.3349,109.28,0.6871,1.3196,0.9838,0.6591
2019-12-20,1.1076,1.3036,109.45,0.6902,1.317,0.9824,0.6607
2019-12-27,1.1174,1.309,109.47,0.6978,1.3073,0.9741,0.6703
2020-01-03,1.1173,1.3091,107.94,0.6963,1.2985,0.9703,0.6673
2020-01-10,1.1119,1.306,109.5,0.6903,1.3051,0.9729,0.6639
2020-01-17,1.1093,1.3029,110.16,0.6877,1.3074,0.9683,0.661
2020-01-24,1.1026,1.3071,109.31,0.6824,1.3146,0.9712,0.6602
2020-01-31,1.1082,1.3195,108.5,0.6699,1.322,0.9645,0.6466
2020-02-07,1.095,1.2908,109.81,0.6679,1.3304,0.9777,0.6406
2020-02-14,1.0839,1.3039,109.77,0.6719,1.3251,0.9818,0.6437
2020-02-21,1.0855,1.2966,111.74,0.6632,1.3217,0.9781,0.6351
2020-02-28,1.1001,1.2778,108.12,0.6495,1.3411,0.9671,0.6232
2020-03-06,1.1319,1.301,105.31,0.6634,1.342,0.9365,0.6356
2020-03-13,1.1066,1.2406,107.15,0.6161,1.3991,0.9541,0.6052
2020-03-20,1.0682,1.1743,111.3,0.5841,1.4363,0.9866,0.5739
2020-03-27,1.1059,1.236,108.16,0.6126,1.4075,0.9558,0.6022
2020-04-03,1.0797,1.2228,108.53,0.6001,1.4132,0.9777,0.5856
2020-04-10,1.0951,1.2485,108.39,0.6349,1.3967,0.9648,0.6082
2020-04-17,1.0883,1.2503,107.52,0.6357,1.4026,0.9662,0.6034
2020-04-24,1.0798,1.2335,107.44,0.6377,1.4098,0.975,0.6003
2020-05-01,1.0998,1.2509,106.76,0.6424,1.4102,0.9599,0.6053
2020-05-08,1.0854,1.2436,106.5,0.6543,1.391,0.9699,0.6147
2020-05-15,1.0816,1.2129,107.27,0.641,1.409,0.9726,0.5929
2020-05-22,1.0894,1.2178,107.5,0.6528,1.4021,0.9722,0.6092
2020-05-29,1.1107,1.232,107.77,0.6642,1.3809,0.9618,0.6187
2020-06-05,1.1297,1.2703,109.68,0.6983,1.342,0.9622,0.6513
2020-06-12,1.1253,1.2527,107.36,0.6854,1.3587,0.9515,0.6431
2020-06-19,1.1189,1.2362,106.89,0.6856,1.3601,0.9519,0.6422
2020-06-26,1.1215,1.2337,107.19,0.6861,1.3695,0.948,0.6418
2020-07-03,1.1237,1.2469,107.55,0.6921,1.3591,0.9455,0.6513
2020-07-10,1.1318,1.2654,106.77,0.6959,1.3591,0.9395,0.6581
2020-07-17,1.1438,1.255,107.06,0.6994,1.3572,0.9388,0.6551
2020-07-24,1.1635,1.2791,105.79,0.7094,1.3425,0.9222,0.6633
2020-07-31,1.1822,1.3133,105.78,0.7159,1.3384,0.9113,0.6644
2020-08-07,1.1776,1.3043,105.92,0.7163,1.3393,0.914,0.6607
2020-08-14,1.1833,1.3108,106.49,0.7168,1.325,0.9091,0.6554
2020-08-21,1.1775,1.3098,105.88,0.7156,1.3201,0.9131,0.6533
2020-08-28,1.1901,1.3341,105.3,0.7352,1.3106,0.9041,0.6741
2020-09-04,1.182,1.323,106.34,0.7264,1.3095,0.9147,0.6702
2020-09-11,1.1831,1.2788,106.17,0.7277,1.3183,0.9092,0.6667
2020-09-18,1.1857,1.295,104.44,0.7311,1.3179,0.9096,0.6778
2020-09-25,1.1618,1.2706,105.59,0.7012,1.3409,0.9291,0.6541
2020-10-02,1.1706,1.2928,105.36,0.7147,1.332,0.9204,0.6622
2020-10-09,1.1819,1.3003,105.72,0.7237,1.312,0.9103,0.6666
2020-10-16,1.1717,1.2931,105.41,0.7083,1.3194,0.9153,0.6608
2020-10-23,1.1844,1.3039,104.78,0.7118,1.3147,0.9055,0.6677
2020-10-30,1.1647,1.2933,104.54,0.7023,1.3332,0.9165,0.661
2020-11-06,1.1886,1.3162,103.32,0.7268,1.3029,0.8986,0.6783
2020-11-13,1.1824,1.3176,104.61,0.7256,1.3164,0.9133,0.6839
2020-11-20,1.1857,1.3294,103.81,0.7315,1.3075,0.9118,0.6949
2020-11-27,1.1908,1.3378,104.39,0.736,1.2994,0.909,0.7007
2020-12-04,1.2142,1.3485,104.16,0.7438,1.2797,0.8908,0.7046
2020-12-11,1.2112,1.3197,103.88,0.7532,1.2767,0.8902,0.7085
2020-12-18,1.2236,1.3497,103.35,0.7615,1.2776,0.885,0.7124
2020-12-25,1.2194,1.351,103.52,0.7587,1.2841,0.8882,0.71
2021-01-01,1.223,1.3662,103.19,0.7709,1.2753,0.8841,0.7194
2021-01-08,1.2252,1.3583,103.89,0.7778,1.2698,0.8843,0.7252
2021-01-15,1.2099,1.3599,103.8,0.7723,1.2709,0.8894,0.7159
2021-01-22,1.2179,1.3685,103.76,0.7728,1.2711,0.8853,0.7188
2021-01-29,1.2135,1.3723,104.64,0.7661,1.2776,0.8905,0.72
2021-02-05,1.2035,1.3714,105.44,0.7656,1.2781,0.8996,0.7193
2021-02-12,1.2126,1.3855,104.94,0.7762,1.2694,0.8911,0.7227
2021-02-19,1.2136,1.4025,105.58,0.7873,1.2596,0.8948,0.7312
2021-02-26,1.2093,1.3947,106.64,0.772,1.2698,0.9092,0.7249
2021-03-05,1.1914,1.3817,108.24,0.7665,1.2666,0.9305,0.7148
2021-03-12,1.1952,1.3925,108.87,0.7772,1.2471,0.9281,0.7186
2021-03-19,1.1909,1.3872,108.85,0.7746,1.2511,0.9301,0.7166
2021-03-26,1.1798,1.3794,109.55,0.7629,1.2577,0.9398,0.6997
2021-04-02,1.1763,1.3825,110.67,0.7607,1.2566,0.9419,0.7023
2021-04-09,1.1897,1.3734,109.64,0.7631,1.254,0.9249,0.7047
2021-04-16,1.198,1.3826,108.78,0.7734,1.2498,0.9196,0.7137
2021-04-23,1.2069,1.3845,107.94,0.7739,1.2495,0.9152,0.7179
2021-04-30,1.203,1.3838,109.33,0.7716,1.2291,0.9127,0.7169
2021-05-07,1.2165,1.4,108.52,0.7861,1.2137,0.9009,0.7296
2021-05-14,1.2141,1.4096,109.37,0.7776,1.2114,0.9021,0.7244
2021-05-21,1.2178,1.4158,108.94,0.7731,1.2072,0.8987,0.7165
2021-05-28,1.2194,1.4188,109.83,0.7706,1.2087,0.8995,0.7252
2021-06-04,1.2173,1.4175,109.42,0.7742,1.2088,0.899,0.7204
2021-06-11,1.2101,1.4114,109.75,0.7696,1.2162,0.8993,0.7125
2021-06-18,1.1872,1.3817,110.21,0.7499,1.2437,0.9215,0.6939
2021-06-25,1.194,1.3899,110.78,0.7595,1.2293,0.9175,0.7075
2021-07-02,1.1848,1.3795,111.28,0.7499,1.2346,0.9224,0.7007
2021-07-09,1.1861,1.3842,110.18,0.748,1.2476,0.9151,0.6984
2021-07-16,1.181,1.3785,110.13,0.7409,1.2586,0.9192,0.7011
2021-07-23,1.1761,1.3749,110.52,0.7364,1.258,0.9211,0.6975
2021-07-30,1.1864,1.3913,109.7,0.7351,1.2466,0.9061,0.6982
2021-08-06,1.1761,1.3873,110.22,0.7357,1.2563,0.9142,0.7013
2021-08-13,1.1796,1.3857,109.75,0.7377,1.2512,0.9162,0.7045
2021-08-20,1.169,1.3625,109.77,0.7133,1.2853,0.9176,0.683
2021-08-27,1.1794,1.3769,109.84,0.7309,1.2613,0.9122,0.7012
2021-09-03,1.1884,1.3862,109.64,0.7442,1.2524,0.9136,0.7147
2021-09-10,1.1821,1.3847,109.93,0.7366,1.2636,0.918,0.7126
2021-09-17,1.1734,1.3755,109.94,0.7276,1.2738,0.9308,0.7043
2021-09-24,1.1715,1.3681,110.72,0.7258,1.2672,0.9246,0.7013
2021-10-01,1.1598,1.3572,110.97,0.7271,1.2657,0.9297,0.6943
2021-10-08,1.1572,1.363,112.15,0.7308,1.2477,0.9272,0.6932
2021-10-15,1.1594,1.3756,114.31,0.7416,1.2387,0.9241,0.7071
2021-10-22,1.1632,1.3741,113.54,0.7463,1.2385,0.9164,0.714
2021-10-29,1.1552,1.3686,114.03,0.751,1.2397,0.9165,0.7158
2021-11-05,1.1554,1.3491,113.45,0.7408,1.2439,0.9133,0.7123
2021-11-12,1.1443,1.3412,113.9,0.7322,1.2558,0.9211,0.704
2021-11-19,1.1318,1.3474,113.81,0.7257,1.2631,0.9262,0.7017
2021-11-26,1.1302,1.3322,113.46,0.7124,1.2756,0.9234,0.6825
2021-12-03,1.1308,1.3234,112.88,0.7011,1.2833,0.9185,0.6753
2021-12-10,1.1312,1.3262,113.36,0.7177,1.2706,0.9205,0.6798
2021-12-17,1.1277,1.3269,113.56,0.7148,1.283,0.9226,0.6755
2021-12-24,1.132,1.341,114.42,0.724,1.2809,0.9186,0.6826
2021-12-31,1.1318,1.35,115.17,0.726,1.2777,0.9146,0.6839
2022-01-07,1.1358,1.3583,115.61,0.7186,1.2643,0.9191,0.6779
2022-01-14,1.1414,1.367,113.89,0.7222,1.2549,0.9133,0.681
2022-01-21,1.1346,1.3562,113.72,0.7199,1.2542,0.912,0.6727
2022-01-28,1.116,1.3417,115.21,0.6998,1.2753,0.9298,0.6555
2022-02-04,1.1455,1.3543,115.22,0.7067,1.2759,0.9248,0.6602
2022-02-11,1.1404,1.3601,115.91,0.7177,1.2678,0.9255,0.6682
2022-02-18,1.1327,1.3585,115.08,0.7174,1.2748,0.921,0.6694
2022-02-25,1.1261,1.3407,115.62,0.7218,1.274,0.9274,0.6739
2022-03-04,1.0912,1.3214,114.65,0.7362,1.276,0.9183,0.6849
2022-03-11,1.0937,1.3063,117.08,0.7308,1.2723,0.9326,0.6818
2022-03-18,1.1044,1.3169,119.17,0.7402,1.2633,0.9337,0.6899
2022-03-25,1.0985,1.3193,121.98,0.7501,1.2512,0.9308,0.695
2022-04-01,1.1043,1.3114,122.6,0.7493,1.2507,0.9256,0.6912
2022-04-08,1.0874,1.3032,124.31,0.7461,1.2577,0.9333,0.6852
2022-04-15,1.0812,1.3066,126.31,0.7401,1.2613,0.9431,0.6776
2022-04-22,1.079,1.2848,128.78,0.7257,1.2716,0.9587,0.6637
2022-04-29,1.0537,1.2565,129.84,0.7101,1.2802,0.9723,0.6476
2022-05-06,1.0572,1.2344,130.35,0.7091,1.289,0.9858,0.6427
2022-05-13,1.041,1.2242,129.23,0.6918,1.2929,1.0014,0.6261
2022-05-20,1.0559,1.2492,127.86,0.7032,1.2837,0.9749,0.6388
2022-05-27,1.0709,1.2613,127.14,0.7155,1.274,0.9575,0.6535
2022-06-03,1.0721,1.2496,130.71,0.7209,1.2581,0.9625,0.6505
2022-06-10,1.0521,1.233,134.19,0.7054,1.2782,0.9886,0.6363
2022-06-17,1.0473,1.2201,135.14,0.6923,1.3054,0.9717,0.6291
2022-06-24,1.0539,1.2273,135.22,0.6946,1.2919,0.9569,0.6319
2022-07-01,1.0409,1.2048,135.09,0.6789,1.2915,0.9623,0.6187
2022-07-08,1.0178,1.2036,136.16,0.6858,1.2947,0.9775,0.6196
2022-07-15,1.0089,1.1857,138.57,0.6793,1.3041,0.9776,0.6158
2022-07-22,1.0225,1.2019,136.12,0.6948,1.2861,0.9613,0.6273
2022-07-29,1.0202,1.2183,133.25,0.6985,1.2801,0.9513,0.6279
2022-08-05,1.017,1.2061,135.33,0.6901,1.2942,0.9635,0.6239
2022-08-12,1.0257,1.2132,133.57,0.7106,1.2783,0.943,0.6437
2022-08-19,1.0039,1.181,137.01,0.687,1.2994,0.959,0.6177
2022-08-26,0.9998,1.1778,137.07,0.6921,1.3006,0.9635,0.6161
2022-09-02,1.003,1.1582,140.03,0.6845,1.3089,0.9801,0.6135
2022-09-09,1.0046,1.16,142.44,0.6846,1.3036,0.9604,0.6114
2022-09-16,1.0013,1.1419,143.04,0.6703,1.3273,0.9647,0.5978
2022-09-23,0.9719,1.0921,143.18,0.6543,1.3581,0.9816,0.5763
2022-09-30,0.9783,1.1134,144.71,0.6437,1.3752,0.9845,0.5642
2022-10-07,0.9785,1.1116,145.19,0.6393,1.3692,0.9914,0.5628
2022-10-14,0.9739,1.1208,148.46,0.6219,1.3873,1.0049,0.5568
2022-10-21,0.9855,1.1292,146.35,0.6368,1.3673,0.9981,0.5754
2022-10-28,0.9934,1.1573,147.68,0.6396,1.3622,0.9968,0.5792
2022-11-04,0.9895,1.1279,147.22,0.6435,1.3528,0.9981,0.589
2022-11-11,1.0176,1.1677,141.78,0.659,1.3362,0.9672,0.601
2022-11-18,1.0349,1.1902,140.03,0.6681,1.3379,0.9522,0.616
2022-11-25,1.0402,1.2102,139.21,0.675,1.337,0.9459,0.6244
2022-12-02,1.0521,1.2292,134.89,0.6801,1.3448,0.9369,0.6398
2022-12-09,1.055,1.2311,136.4,0.6809,1.3604,0.932,0.6424
2022-12-16,1.061,1.2168,136.55,0.6691,1.369,0.9324,0.637
2022-12-23,1.0621,1.2054,132.78,0.671,1.3587,0.9335,0.6293
2022-12-30,1.0698,1.2077,131.81,0.6805,1.3532,0.9241,0.6342
2023-01-06,1.0619,1.2064,132.21,0.6864,1.3452,0.9293,0.6334
2023-01-13,1.0811,1.2194,127.85,0.695,1.3413,0.9284,0.6361
2023-01-20,1.0831,1.2374,129.97,0.6953,1.3416,0.9221,0.6457
2023-01-27,1.0857,1.2379,129.94,0.7102,1.3314,0.9218,0.6483
2023-02-03,1.0825,1.2073,131.07,0.6946,1.3395,0.925,0.6344
2023-02-10,1.067,1.2061,131.5,0.6919,1.3363,0.9246,0.6308
2023-02-17,1.0678,1.2012,134.21,0.6865,1.3487,0.9266,0.6235
2023-02-24,1.0545,1.1948,136.36,0.6735,1.3618,0.94,0.6166
2023-03-03,1.0616,1.1996,136.09,0.6759,1.3609,0.9381,0.621
2023-03-10,1.0659,1.2043,135.05,0.661,1.3804,0.9213,0.6147
2023-03-17,1.0647,1.2141,132.01,0.6683,1.3753,0.9284,0.6249
2023-03-24,1.0762,1.2225,130.64,0.6643,1.3763,0.9181,0.6207
2023-03-31,1.0872,1.2369,132.75,0.6704,1.3525,0.9129,0.6271
2023-04-07,1.0913,1.2422,132.11,0.6668,1.3513,0.9049,0.6246
2023-04-14,1.098,1.2417,133.74,0.6702,1.3379,0.8955,0.6208
2023-04-21,1.0973,1.2419,134.28,0.6691,1.3534,0.8926,0.6138
2023-04-28,1.104,1.2582,135.99,0.6617,1.3552,0.8911,0.6187
2023-05-05,1.1026,1.265,134.85,0.6747,1.3419,0.8913,0.6299
2023-05-12,1.0856,1.2464,135.63,0.6649,1.354,0.8971,0.6193
2023-05-19,1.0819,1.2464,137.67,0.6661,1.3508,0.8989,0.6288
2023-05-26,1.0713,1.2342,140.53,0.6511,1.3625,0.906,0.6046
2023-06-02,1.0724,1.2468,139.76,0.6616,1.3438,0.9075,0.6072
2023-06-09,1.0749,1.2579,139.35,0.674,1.3342,0.9026,0.6127
2023-06-16,1.0925,1.2815,141.82,0.6865,1.3194,0.8943,0.6222
2023-06-23,1.0887,1.2701,143.78,0.6687,1.3196,0.8979,0.6149
2023-06-30,1.092,1.2709,144.47,0.6663,1.3232,0.8947,0.6133
2023-07-07,1.0964,1.2838,142.21,0.6686,1.3284,0.8887,0.621
2023-07-14,1.1237,1.3113,138.74,0.6843,1.3204,0.8616,0.6376
2023-07-21,1.112,1.2854,141.75,0.6737,1.3217,0.8658,0.6178
2023-07-28,1.1039,1.287,140.72,0.667,1.3225,0.8687,0.6167
2023-08-04,1.1036,1.2775,141.79,0.6605,1.3337,0.8713,0.6127
2023-08-11,1.0957,1.2694,144.94,0.6493,1.3437,0.8765,0.5983
2023-08-18,1.0875,1.2738,145.15,0.6413,1.3557,0.8817,0.5942
2023-08-25,1.0787,1.257,146.38,0.6401,1.3626,0.886,0.59
2023-09-01,1.0787,1.2594,146.2,0.6449,1.3582,0.8857,0.594
2023-09-08,1.0709,1.2476,147.7,0.6386,1.3621,0.8927,0.5898
2023-09-15,1.0673,1.2392,147.83,0.6442,1.3504,0.896,0.5909
2023-09-22,1.066,1.2257,148.24,0.6453,1.3467,0.9064,0.5975
2023-09-29,1.0584,1.2214,149.43,0.6451,1.3535,0.9141,0.6013
2023-10-06,1.0596,1.2255,149.08,0.6394,1.3657,0.9082,0.5996
2023-10-13,1.0502,1.2139,149.62,0.629,1.365,0.9018,0.5893
2023-10-20,1.0592,1.2153,149.85,0.6319,1.3692,0.8918,0.583
2023-10-27,1.0592,1.2151,149.6,0.6352,1.3866,0.9021,0.5824
2023-11-03,1.0733,1.2374,149.36,0.6507,1.3671,0.8984,0.599
2023-11-10,1.071,1.2279,151.04,0.642,1.3766,0.8996,0.5947
2023-11-17,1.0879,1.243,149.82,0.6494,1.374,0.887,0.5971
2023-11-24,1.0934,1.2601,149.57,0.6584,1.3608,0.8818,0.6083
2023-12-01,1.0878,1.2682,147.0,0.666,1.3495,0.8706,0.6198
2023-12-08,1.0746,1.2539,144.88,0.6569,1.3595,0.881,0.6118
2023-12-15,1.0906,1.2709,141.8,0.6715,1.3374,0.8688,0.6221
2023-12-22,1.1008,1.272,142.6,0.6803,1.3259,0.8564,0.6297
2023-12-29,1.1062,1.2743,140.92,0.6828,1.3202,0.8405,0.634
2024-01-05,1.0957,1.274,144.52,0.6722,1.3331,0.8486,0.6255
2024-01-12,1.0959,1.2746,144.86,0.6692,1.3399,0.8523,0.6247
2024-01-19,1.0887,1.2677,148.21,0.6581,1.3467,0.8694,0.6101
2024-01-26,1.0866,1.272,147.94,0.6589,1.3456,0.8635,0.6103
2024-02-02,1.0787,1.2627,148.54,0.651,1.3458,0.8676,0.6066
2024-02-09,1.0782,1.2628,149.38,0.6516,1.3478,0.875,0.6141
2024-02-16,1.0769,1.259,150.34,0.6531,1.3483,0.8813,0.6119
2024-02-23,1.0828,1.2678,150.36,0.6566,1.3502,0.8804,0.6198
2024-03-01,1.0832,1.2652,150.2,0.6529,1.3553,0.8844,0.6106
2024-03-08,1.0941,1.2852,147.17,0.6627,1.3468,0.8766,0.618
2024-03-15,1.0888,1.2742,149.14,0.6569,1.353,0.8837,0.6091
2024-03-22,1.0817,1.2603,151.35,0.652,1.3594,0.8983,0.5998
2024-03-29,1.0791,1.2637,151.22,0.6524,1.354,0.9015,0.5987
2024-04-05,1.0841,1.2633,151.59,0.6584,1.358,0.9005,0.602
2024-04-12,1.0647,1.2457,153.12,0.6478,1.3756,0.912,0.595
2024-04-19,1.0655,1.2397,154.55,0.6423,1.3742,0.9092,0.5895
2024-04-26,1.0686,1.2474,157.62,0.6528,1.3678,0.9142,0.594
2024-05-03,1.077,1.255,152.85,0.6616,1.3683,0.9047,0.6021
2024-05-10,1.0773,1.2528,155.85,0.6607,1.3663,0.9063,0.602
2024-05-17,1.0869,1.2703,155.57,0.6686,1.3615,0.9079,0.6132
2024-05-24,1.0852,1.2746,156.9,0.6629,1.3665,0.9143,0.6121
2024-05-31,1.0846,1.2738,157.19,0.664,1.3646,0.9034,0.6137
2024-06-07,1.0807,1.2727,156.58,0.6589,1.3747,0.896,0.6113
2024-06-14,1.0699,1.2685,157.28,0.6617,1.3735,0.8907,0.6142
2024-06-21,1.0694,1.2645,159.45,0.664,1.3698,0.8938,0.612
2024-06-28,1.0711,1.264,160.88,0.6677,1.3684,0.8992,0.6096
2024-07-05,1.0828,1.2807,160.73,0.6743,1.3631,0.8976,0.6138
2024-07-12,1.0902,1.2986,157.88,0.6788,1.3627,0.8942,0.6122
2024-07-19,1.0888,1.2922,157.38,0.6694,1.3723,0.8884,0.6019
2024-07-26,1.0859,1.2864,153.86,0.6557,1.3832,0.8826,0.5895
2024-08-02,1.0914,1.2798,146.98,0.6528,1.3846,0.8605,0.5972
2024-08-09,1.0925,1.2766,146.49,0.6577,1.3725,0.8639,0.6012
2024-08-16,1.0996,1.2906,148.13,0.6649,1.3705,0.8685,0.6035
2024-08-23,1.1176,1.3197,144.86,0.6777,1.3514,0.8492,0.6212
2024-08-30,1.106,1.3132,145.95,0.6765,1.3493,0.8493,0.6242
2024-09-06,1.1086,1.3136,142.13,0.6678,1.3561,0.8428,0.6178
2024-09-13,1.1085,1.314,140.66,0.6712,1.3581,0.8479,0.6166
2024-09-20,1.1159,1.3305,143.9,0.6806,1.3565,0.8496,0.6234
2024-09-27,1.1159,1.3394,142.6,0.6911,1.3504,0.8424,0.6342
2024-10-04,1.0961,1.3107,148.69,0.6797,1.3578,0.8589,0.6156
2024-10-11,1.0942,1.307,149.12,0.6756,1.3768,0.8574,0.6111
2024-10-18,1.0854,1.3022,149.58,0.67,1.3804,0.8659,0.6065
2024-10-25,1.0813,1.2978,152.08,0.6621,1.3882,0.8664,0.5994
2024-11-01,1.0848,1.2959,152.94,0.6582,1.3925,0.8704,0.598
2024-11-08,1.071,1.2905,152.58,0.6573,1.3921,0.8755,0.5961
2024-11-15,1.0552,1.2629,154.59,0.6461,1.4076,0.8878,0.5862
2024-11-22,1.0399,1.2516,154.73,0.6495,1.3985,0.8946,0.5827
2024-11-29,1.0547,1.2699,150.41,0.6513,1.4014,0.8822,0.5913
2024-12-06,1.0563,1.2744,149.78,0.6382,1.4144,0.8776,0.5832
2024-12-13,1.0498,1.2629,153.74,0.6359,1.424,0.8929,0.5761
2024-12-20,1.043,1.2587,156.11,0.6266,1.4354,0.8928,0.5664
2024-12-27,1.0423,1.2573,157.73,0.6208,1.4433,0.9018,0.5631
2025-01-03,1.0292,1.2419,157.2,0.6209,1.4455,0.9096,0.5604
2025-01-10,1.0238,1.2215,157.68,0.6147,1.4437,0.9172,0.5556
2025-01-17,1.0287,1.2181,156.3,0.621,1.442,0.9148,0.5596
2025-01-24,1.0515,1.2496,155.58,0.6322,1.4331,0.9044,0.572
2025-01-31,1.04,1.2447,154.91,0.6242,1.4459,0.9088,0.5668
2025-02-07,1.0329,1.2396,151.3,0.6264,1.4311,0.9101,0.5652
2025-02-14,1.0498,1.2609,152.25,0.6359,1.417,0.8983,0.5734
2025-02-21,1.0455,1.2647,149.49,0.6376,1.4196,0.899,0.5751
2025-02-28,1.0402,1.2591,150.64,0.6211,1.4433,0.9019,0.5602
2025-03-07,1.0859,1.2918,147.13,0.63,1.4385,0.8774,0.571
2025-03-14,1.0872,1.2917,148.51,0.6318,1.4377,0.8855,0.5741
2025-03-21,1.0806,1.2896,148.98,0.6266,1.4356,0.8834,0.5731
2025-03-28,1.0826,1.2942,150.26,0.63,1.4282,0.8809,0.573
2025-04-04,1.1014,1.2927,145.93,0.6043,1.4194,0.8547,0.5593
2025-04-11,1.1325,1.3051,143.57,0.6245,1.3895,0.8153,0.5796
2025-04-18,1.139,1.3279,142.22,0.6375,1.3846,0.8174,0.5933
2025-04-25,1.1381,1.3331,143.75,0.6396,1.3858,0.8285,0.5969
2025-05-02,1.133,1.3283,144.52,0.6447,1.379,0.8262,0.5955
2025-05-09,1.127,1.3318,145.15,0.6425,1.3925,0.8298,0.592
2025-05-16,1.1141,1.3257,146.02,0.6395,1.3991,0.8396,0.5872
2025-05-23,1.135,1.3511,142.61,0.6478,1.3755,0.8214,0.5977
2025-05-30,1.1347,1.3468,144.18,0.6434,1.3747,0.8229,0.5972
2025-06-06,1.1397,1.3532,144.87,0.6496,1.3686,0.822,0.602
2025-06-13,1.1557,1.3594,144.04,0.6513,1.3575,0.8116,0.6035
2025-06-20,1.152,1.3465,145.92,0.6455,1.3739,0.8175,0.5969
2025-06-27,1.1724,1.372,144.74,0.6535,1.3666,0.7989,0.6062
2025-07-04,1.1758,1.3656,144.96,0.6576,1.3559,0.7951,0.6068
2025-07-11,1.1696,1.3503,147.29,0.6577,1.3678,0.7962,0.6011
2025-07-18,1.1645,1.3439,148.55,0.6527,1.3711,0.8001,0.5977
2025-07-25,1.173,1.3429,147.77,0.6556,1.3714,0.7965,0.6006
2025-08-01,1.1555,1.3259,148.06,0.6468,1.3778,0.8068,0.5912
2025-08-08,1.166,1.3444,147.7,0.6528,1.3752,0.8073,0.5956
2025-08-15,1.1708,1.3565,147.0,0.6515,1.3808,0.8061,0.593
2025-08-22,1.1713,1.3528,146.82,0.6485,1.3845,0.8016,0.5862
2025-08-29,1.1695,1.3511,146.9,0.6545,1.3726,0.7996,0.5901
2025-09-05,1.1759,1.3543,146.84,0.657,1.3823,0.7958,0.591
2025-09-12,1.1714,1.3547,147.85,0.6636,1.3858,0.7975,0.5948
2025-09-19,1.1753,1.3484,147.83,0.6597,1.3772,0.7949,0.5859
2025-09-26,1.1692,1.3404,149.52,0.6546,1.3946,0.7985,0.5769
2025-10-03,1.1747,1.3481,147.33,0.6615,1.3946,0.7949,0.584
2025-10-10,1.1613,1.3343,151.94,0.6495,1.3997,0.8015,0.5733
2025-10-17,1.1674,1.3425,150.33,0.6486,1.4046,0.7919,0.5722
2025-10-24,1.1626,1.3298,152.82,0.6511,1.4013,0.7958,0.5748
2025-10-31,1.1541,1.3141,154.05,0.6546,1.401,0.8027,0.5728
2025-11-07,1.1578,1.3165,153.06,0.6476,1.4075,0.804,0.5617
2025-11-14,1.1617,1.3156,154.64,0.6549,1.4023,0.7933,0.5685
2025-11-21,1.1506,1.31,156.58,0.6457,1.4094,0.8087,0.5609
2025-11-28,1.16,1.3239,156.17,0.6552,1.3974,0.8036,0.5737
2025-12-05,1.1635,1.3324,155.3,0.6635,1.3858,0.805,0.5771
2025-12-12,1.1731,1.3351,155.81,0.664,1.3783,0.796,0.5793
2025-12-19,1.1721,1.3379,157.43,0.6617,1.378,0.795,0.576
2025-12-26,1.1766,1.3492,156.63,0.671,1.3662,0.79,0.583
2026-01-02,1.1738,1.3481,156.72,0.6684,1.3738,0.7918,0.5767
2026-01-09,1.1634,1.3413,158.07,0.6684,1.3893,0.8012,0.5731
2026-01-16,1.1599,1.3384,158.02,0.6682,1.392,0.8026,0.5751
2026-01-23,1.1771,1.359,157.57,0.6878,1.3726,0.7879,0.5929
2026-01-30,1.1885,1.3729,154.34,0.6995,1.3557,0.771,0.6048
2026-02-06,1.1812,1.3606,157.1,0.7014,1.3644,0.7758,0.602
2026-02-13,1.187,1.3644,152.77,0.7068,1.3618,0.7685,0.6036
2026-02-20,1.1781,1.35,154.99,0.7082,1.3688,0.7756,0.5974
2026-02-27,1.1822,1.3455,156.05,0.7121,1.3632,0.7686,0.6
2026-03-06,1.1606,1.3398,157.64,0.7022,1.3599,0.7778,0.5902
2026-03-13,1.1444,1.324,159.54,0.7004,1.3736,0.7898,0.5804
